,Schooling (years),HIV/AIDS deaths (per 1000 live births)
0,10.1,0.1
1,10.0,0.1
2,9.9,0.1
3,9.8,0.1
4,9.5,0.1
5,9.2,0.1
6,8.9,0.1
7,8.7,0.1
8,8.4,0.1
9,8.1,0.1
10,7.9,0.1
11,6.8,0.1
12,6.5,0.1
13,6.2,0.1
14,5.9,0.1
15,5.5,0.1
16,14.2,0.1
17,14.2,0.1
18,14.2,0.1
19,14.2,0.1
20,13.3,0.1
21,12.5,0.1
22,12.2,0.1
23,12.0,0.1
24,11.6,0.1
25,11.4,0.1
26,10.8,0.1
27,10.9,0.1
28,10.7,0.1
29,10.7,0.1
30,10.6,0.1
31,10.7,0.1
32,14.4,0.1
33,14.4,0.1
34,14.4,0.1
35,14.4,0.1
36,14.0,0.1
37,13.6,0.1
38,13.1,0.1
39,12.6,0.1
40,12.3,0.1
41,12.3,0.1
42,12.0,0.1
43,11.7,0.1
44,11.5,0.1
45,11.1,0.1
46,10.9,0.1
47,10.7,0.1
48,11.4,1.9
49,11.4,2.0
50,11.4,2.3
51,10.3,2.6
52,9.4,2.5
53,9.0,2.5
54,8.5,2.5
55,8.1,2.6
56,7.7,2.6
57,7.2,2.5
58,6.8,2.6
59,6.4,2.5
60,5.9,2.4
61,5.5,2.3
62,5.1,2.1
63,4.6,2.0
64,13.9,0.2
65,13.9,0.2
66,13.9,0.2
67,13.8,0.2
68,14.1,0.1
69,14.1,0.1
70,14.2,0.1
71,14.4,0.1
72,14.5,0.1
73,14.7,0.1
74,0.0,0.1
75,0.0,0.1
76,0.0,0.1
77,0.0,0.1
78,0.0,0.1
79,0.0,0.1
80,17.3,0.1
81,17.3,0.1
82,17.3,0.1
83,17.2,0.1
84,17.1,0.1
85,16.8,0.1
86,16.5,0.1
87,16.3,0.1
88,16.3,0.1
89,16.1,0.1
90,16.3,0.1
91,16.3,0.1
92,16.4,0.1
93,16.3,0.1
94,15.6,0.1
95,15.0,0.1
96,12.7,0.1
97,12.7,0.1
98,12.7,0.1
99,12.7,0.1
100,12.7,0.1
101,12.3,0.1
102,11.9,0.1
103,12.3,0.1
104,11.7,0.1
105,11.2,0.1
106,10.9,0.1
107,10.9,0.1
108,10.8,0.1
109,10.8,0.1
110,11.1,0.1
111,11.2,0.1
112,20.4,0.1
113,20.4,0.1
114,20.3,0.1
115,20.1,0.1
116,19.8,0.1
117,19.5,0.1
118,19.1,0.1
119,19.1,0.1
120,19.0,0.1
121,20.3,0.1
122,20.3,0.1
123,20.7,0.1
124,20.6,0.1
125,20.1,0.1
126,20.5,0.1
127,20.4,0.1
128,15.9,0.1
129,15.9,0.1
130,15.7,0.1
131,15.7,0.1
132,15.7,0.1
133,15.4,0.1
134,15.3,0.1
135,15.1,0.1
136,15.2,0.1
137,15.0,0.1
138,14.9,0.1
139,14.7,0.1
140,14.7,0.1
141,16.1,0.1
142,15.5,0.1
143,15.4,0.1
144,12.7,0.1
145,12.2,0.1
146,11.9,0.1
147,11.8,0.1
148,11.7,0.1
149,11.7,0.1
150,11.6,0.1
151,11.6,0.1
152,11.6,0.1
153,10.7,0.1
154,11.2,0.1
155,11.0,0.1
156,10.8,0.1
157,10.6,0.1
158,10.4,0.1
159,10.1,0.1
160,14.5,0.1
161,14.5,0.1
162,14.5,0.1
163,14.5,0.1
164,14.4,0.1
165,14.4,0.1
166,14.4,0.1
167,14.4,0.1
168,14.4,0.1
169,14.2,0.1
170,14.0,0.1
171,13.9,0.1
172,13.7,0.1
173,13.5,0.1
174,13.3,0.1
175,13.2,0.1
176,10.2,0.1
177,10.0,0.1
178,10.0,0.1
179,9.9,0.1
180,9.4,0.1
181,8.9,0.1
182,8.4,0.1
183,8.6,0.1
184,8.6,0.1
185,8.4,0.1
186,8.2,0.1
187,8.1,0.1
188,7.9,0.1
189,7.7,0.1
190,7.5,0.1
191,7.3,0.1
192,15.3,0.1
193,15.3,0.1
194,15.3,0.1
195,15.3,0.1
196,15.5,0.1
197,15.8,0.1
198,15.5,0.1
199,15.3,0.1
200,15.0,0.1
201,14.8,0.1
202,14.6,0.1
203,14.4,0.2
204,14.2,0.4
205,14.0,0.8
206,14.0,0.7
207,14.0,0.9
208,15.6,0.1
209,15.7,0.1
210,15.7,0.1
211,15.6,0.1
212,15.5,0.1
213,15.5,0.1
214,15.4,0.1
215,15.1,0.1
216,14.9,0.1
217,14.6,0.1
218,14.4,0.1
219,14.1,0.1
220,13.9,0.1
221,13.6,0.1
222,13.3,0.1
223,13.1,0.1
224,16.6,0.1
225,16.3,0.1
226,16.3,0.1
227,16.2,0.1
228,16.1,0.1
229,15.9,0.1
230,15.8,0.1
231,15.8,0.1
232,15.8,0.1
233,15.7,0.1
234,15.7,0.1
235,18.8,0.1
236,18.6,0.1
237,18.8,0.1
238,18.2,0.1
239,18.0,0.1
240,12.8,0.2
241,12.8,0.2
242,12.9,0.2
243,12.5,0.1
244,12.4,0.5
245,12.4,0.2
246,12.7,0.3
247,12.8,0.1
248,12.8,0.6
249,12.3,0.6
250,12.8,0.8
251,12.5,0.8
252,12.2,1.5
253,11.9,0.1
254,11.8,0.4
255,11.7,0.3
256,10.7,1.0
257,10.7,1.1
258,10.3,1.2
259,10.0,1.3
260,9.8,1.4
261,9.5,1.4
262,9.3,1.6
263,9.1,1.8
264,8.9,2.0
265,8.7,2.0
266,8.5,2.1
267,8.1,2.1
268,7.7,2.1
269,7.3,2.1
270,6.6,2.1
271,6.4,2.0
272,12.5,0.5
273,12.5,0.5
274,12.6,0.6
275,12.3,0.6
276,11.9,0.5
277,11.4,0.5
278,10.9,0.4
279,10.5,0.4
280,10.1,0.3
281,9.6,0.3
282,9.2,0.3
283,8.8,0.3
284,8.4,0.2
285,8.0,0.1
286,7.6,0.1
287,7.3,0.1
288,13.8,0.1
289,13.8,0.1
290,13.8,0.1
291,13.8,0.1
292,13.8,0.2
293,13.8,0.2
294,13.8,0.2
295,14.0,0.2
296,14.1,0.2
297,14.3,0.2
298,14.4,0.2
299,14.6,0.2
300,14.4,0.2
301,14.0,0.1
302,13.7,0.1
303,13.3,0.1
304,14.2,0.1
305,14.2,0.1
306,14.2,0.1
307,13.9,0.1
308,13.4,0.1
309,13.3,0.1
310,13.3,0.1
311,13.1,0.1
312,12.9,0.1
313,12.7,0.1
314,12.5,0.1
315,12.3,0.1
316,12.1,0.1
317,11.9,0.1
318,11.6,0.1
319,0.0,0.1
320,12.6,2.2
321,12.6,2.3
322,12.6,2.8
323,12.5,4.4
324,12.4,5.5
325,12.3,6.2
326,12.2,9.0
327,12.1,12.7
328,12.1,13.4
329,11.9,14.4
330,11.9,20.6
331,11.8,28.4
332,11.8,31.9
333,11.9,34.6
334,11.8,37.2
335,11.7,38.8
336,15.2,0.1
337,15.2,0.1
338,14.2,0.1
339,14.2,0.1
340,14.0,0.1
341,13.8,0.1
342,13.8,0.1
343,13.3,0.1
344,13.5,0.1
345,13.8,0.1
346,13.8,0.1
347,14.0,0.1
348,14.8,0.1
349,14.6,0.1
350,14.3,0.1
351,14.1,0.1
352,14.9,0.1
353,15.0,0.1
354,14.9,0.1
355,14.4,0.1
356,14.1,0.1
357,14.2,0.1
358,14.1,0.1
359,14.2,0.1
360,14.3,0.1
361,14.3,0.1
362,14.1,0.1
363,13.7,0.1
364,13.4,0.1
365,13.3,0.1
366,13.4,0.1
367,13.4,0.1
368,15.0,0.1
369,14.8,0.1
370,14.4,0.1
371,14.3,0.1
372,14.2,0.1
373,13.9,0.1
374,13.8,0.1
375,13.8,0.1
376,13.5,0.1
377,13.5,0.1
378,13.5,0.1
379,13.3,0.1
380,12.9,0.1
381,12.9,0.1
382,12.9,0.1
383,12.9,0.1
384,7.7,0.6
385,7.7,0.6
386,7.5,0.7
387,7.2,0.8
388,6.7,0.9
389,6.3,1.0
390,5.9,1.1
391,5.4,1.5
392,4.9,1.7
393,4.7,2.0
394,4.3,2.3
395,3.9,2.5
396,3.8,2.9
397,3.6,3.2
398,3.5,3.6
399,3.4,4.0
400,10.6,0.7
401,10.6,0.7
402,10.5,1.0
403,10.3,1.2
404,9.9,1.5
405,9.3,1.9
406,8.6,2.4
407,7.9,2.9
408,7.2,3.4
409,5.9,3.8
410,5.6,4.3
411,5.2,4.8
412,4.7,5.1
413,4.4,5.2
414,4.5,5.3
415,4.5,5.2
416,10.9,0.2
417,10.9,0.2
418,10.8,0.2
419,10.7,0.3
420,10.7,0.3
421,10.6,0.5
422,10.5,0.6
423,10.5,0.7
424,10.3,0.9
425,10.1,1.1
426,10.0,1.4
427,9.7,1.7
428,9.3,1.9
429,8.2,2.1
430,7.6,2.2
431,7.2,2.1
432,10.4,3.5
433,10.4,3.7
434,10.4,4.0
435,10.4,4.6
436,10.0,4.9
437,9.7,5.5
438,9.2,6.3
439,8.8,6.7
440,8.0,7.0
441,8.2,7.2
442,8.3,7.4
443,8.2,7.5
444,8.1,7.7
445,8.4,7.8
446,7.1,7.9
447,6.9,7.7
448,16.3,0.1
449,15.9,0.1
450,15.9,0.1
451,15.9,0.1
452,15.9,0.1
453,15.9,0.1
454,15.9,0.1
455,15.8,0.1
456,15.8,0.1
457,15.8,0.1
458,15.8,0.1
459,15.8,0.1
460,15.8,0.1
461,15.8,0.1
462,15.8,0.1
463,15.9,0.1
464,13.5,0.2
465,13.5,0.2
466,13.6,0.2
467,13.2,0.3
468,13.1,0.3
469,12.7,0.4
470,12.4,0.4
471,12.2,0.4
472,11.9,0.6
473,11.9,0.6
474,11.2,0.8
475,11.1,0.8
476,11.3,0.9
477,11.3,0.8
478,11.0,0.8
479,11.3,0.8
480,7.1,4.4
481,7.1,4.5
482,7.1,5.1
483,7.1,5.1
484,6.8,5.8
485,6.6,6.6
486,6.4,7.3
487,6.3,8.3
488,6.2,9.0
489,6.0,10.0
490,5.9,11.2
491,5.7,12.0
492,5.6,12.8
493,5.4,13.4
494,5.3,13.9
495,5.2,14.3
496,7.3,2.8
497,7.3,2.9
498,7.3,3.1
499,7.3,3.6
500,6.7,3.9
501,6.7,4.1
502,6.3,4.4
503,6.0,4.7
504,5.7,4.9
505,5.5,5.1
506,5.6,5.2
507,5.6,5.2
508,5.4,5.1
509,5.1,5.0
510,4.9,4.8
511,4.7,4.6
512,16.3,0.1
513,16.2,0.1
514,15.6,0.1
515,15.5,0.1
516,15.4,0.1
517,15.2,0.1
518,15.3,0.1
519,15.2,0.1
520,14.8,0.1
521,14.9,0.1
522,14.6,0.1
523,14.3,0.1
524,14.0,0.1
525,13.9,0.1
526,13.7,0.1
527,13.5,0.1
528,13.5,0.1
529,13.1,0.1
530,12.7,0.1
531,12.4,0.1
532,12.8,0.1
533,12.5,0.1
534,12.2,0.1
535,11.9,0.1
536,11.4,0.1
537,11.0,0.1
538,10.6,0.1
539,10.2,0.1
540,9.9,0.1
541,9.7,0.1
542,9.6,0.1
543,9.5,0.1
544,13.6,0.1
545,13.6,0.1
546,13.3,0.1
547,13.2,0.1
548,13.0,0.1
549,12.8,0.1
550,12.4,0.1
551,12.2,0.1
552,11.9,0.1
553,11.5,0.1
554,11.1,0.1
555,11.3,0.1
556,11.6,0.1
557,11.5,0.1
558,11.4,0.1
559,11.3,0.1
560,11.1,0.8
561,11.1,0.8
562,10.9,0.8
563,10.8,0.8
564,10.6,0.2
565,10.5,0.1
566,10.3,0.1
567,10.2,0.1
568,10.0,0.1
569,9.9,0.1
570,9.7,0.1
571,9.5,0.1
572,9.2,0.1
573,8.8,0.1
574,8.5,0.1
575,8.2,0.1
576,14.2,0.1
577,13.9,0.1
578,13.7,0.1
579,13.6,0.1
580,13.4,0.1
581,13.3,0.1
582,13.1,0.1
583,12.9,0.1
584,12.8,0.1
585,12.6,0.1
586,12.4,0.1
587,12.2,0.1
588,12.1,0.1
589,11.9,0.1
590,11.7,0.1
591,11.6,0.1
592,15.3,0.1
593,15.1,0.1
594,14.9,0.1
595,14.6,0.1
596,14.5,0.1
597,14.2,0.1
598,14.2,0.1
599,14.3,0.1
600,14.3,0.1
601,13.9,0.1
602,13.6,0.1
603,13.3,0.1
604,12.9,0.1
605,12.6,0.1
606,12.3,0.1
607,12.2,0.1
608,13.9,0.1
609,14.0,0.1
610,14.7,0.1
611,15.7,0.1
612,16.5,0.1
613,17.6,0.1
614,17.7,0.1
615,17.1,0.1
616,16.0,0.1
617,14.7,0.1
618,14.2,0.1
619,13.2,0.1
620,12.9,0.1
621,12.5,0.1
622,12.3,0.1
623,12.1,0.1
624,14.3,0.1
625,14.0,0.1
626,13.8,0.1
627,13.8,0.1
628,13.8,0.1
629,14.6,0.1
630,14.1,0.1
631,13.7,0.1
632,13.5,0.1
633,13.4,0.1
634,13.5,0.1
635,13.4,0.1
636,13.0,0.1
637,12.5,0.1
638,12.4,0.1
639,12.5,0.1
640,,0.1
641,,0.1
642,,0.1
643,,0.1
644,,0.1
645,,0.1
646,,0.1
647,,0.1
648,,0.1
649,,0.1
650,,0.1
651,,0.1
652,,0.1
653,,0.1
654,,0.1
655,,0.1
656,,1.1
657,,1.1
658,,1.2
659,,1.5
660,,1.6
661,,1.6
662,,1.7
663,,1.8
664,,1.9
665,,2.0
666,,2.0
667,,2.1
668,,2.2
669,,2.4
670,,2.4
671,,2.5
672,19.2,0.1
673,19.2,0.1
674,18.7,0.1
675,18.4,0.1
676,16.9,0.1
677,16.8,0.1
678,16.8,0.1
679,16.8,0.1
680,16.7,0.1
681,16.9,0.1
682,16.6,0.1
683,16.5,0.1
684,16.3,0.1
685,16.6,0.1
686,16.2,0.1
687,16.5,0.1
688,6.3,2.1
689,6.3,2.1
690,6.3,2.1
691,6.3,1.9
692,5.9,2.7
693,5.5,3.1
694,5.3,3.2
695,5.0,3.3
696,4.5,3.5
697,4.3,3.7
698,4.0,3.9
699,3.7,4.0
700,3.5,4.2
701,3.3,4.3
702,2.9,4.3
703,2.9,4.1
704,13.2,0.3
705,13.2,0.3
706,13.2,0.3
707,13.1,0.4
708,13.0,0.7
709,12.9,0.9
710,12.9,1.2
711,12.8,1.4
712,12.7,1.6
713,12.6,1.8
714,12.6,2.0
715,12.5,2.1
716,12.4,2.3
717,12.3,2.4
718,12.3,2.5
719,12.2,2.5
720,12.5,0.1
721,12.5,0.1
722,12.5,0.1
723,12.5,0.1
724,12.5,0.1
725,12.4,0.1
726,12.1,0.1
727,11.7,0.1
728,11.3,0.1
729,11.0,0.1
730,10.6,0.1
731,10.2,0.1
732,9.8,0.1
733,9.8,0.1
734,9.8,0.1
735,0.0,0.1
736,14.0,0.1
737,14.0,0.1
738,13.4,0.1
739,13.3,0.1
740,13.2,0.1
741,13.1,0.1
742,13.1,0.1
743,13.0,0.1
744,12.9,0.2
745,12.8,0.3
746,12.8,0.3
747,12.7,0.3
748,12.6,0.3
749,12.5,0.3
750,12.4,0.3
751,12.4,0.3
752,13.1,0.1
753,13.1,0.1
754,12.8,0.1
755,12.4,0.1
756,12.4,0.1
757,12.2,0.1
758,12.0,0.1
759,11.9,0.1
760,11.7,0.1
761,11.5,0.1
762,11.4,0.1
763,11.2,0.1
764,11.3,0.1
765,11.2,0.1
766,11.1,0.1
767,11.0,0.1
768,13.2,0.2
769,13.2,0.2
770,13.2,0.2
771,13.2,0.3
772,13.0,0.3
773,12.9,0.3
774,12.8,0.3
775,13.4,0.3
776,12.9,0.3
777,12.9,0.2
778,12.7,0.2
779,12.4,0.3
780,12.0,0.3
781,11.8,0.4
782,11.6,0.4
783,11.3,0.4
784,9.2,4.2
785,9.2,4.4
786,9.2,5.7
787,9.2,8.2
788,9.2,7.7
789,9.2,7.2
790,9.1,7.3
791,9.1,6.3
792,9.0,5.9
793,9.0,5.3
794,8.7,4.9
795,8.5,4.4
796,8.4,3.6
797,8.2,2.9
798,8.0,2.3
799,0.0,1.9
800,5.0,0.4
801,5.0,0.4
802,5.0,0.5
803,5.0,0.6
804,5.0,0.7
805,5.1,0.9
806,5.2,1.0
807,5.2,1.1
808,5.3,1.3
809,5.3,1.4
810,5.4,1.6
811,5.0,1.8
812,4.7,1.9
813,4.4,1.9
814,4.3,2.0
815,3.9,1.9
816,16.5,0.1
817,16.5,0.1
818,16.5,0.1
819,16.5,0.1
820,16.4,0.1
821,16.2,0.1
822,16.1,0.1
823,16.1,0.1
824,16.1,0.1
825,16.1,0.1
826,15.9,0.1
827,15.7,0.1
828,15.6,0.1
829,15.4,0.1
830,15.0,0.1
831,14.4,0.1
832,11.4,7.1
833,11.4,7.3
834,11.4,9.8
835,11.3,12.2
836,11.2,15.7
837,11.0,21.6
838,10.8,33.7
839,10.6,40.2
840,10.5,40.7
841,9.9,43.7
842,9.7,49.1
843,9.4,50.3
844,9.1,50.6
845,9.2,49.9
846,9.3,48.8
847,9.4,46.4
848,8.4,0.6
849,8.4,0.6
850,8.4,0.9
851,8.4,1.2
852,8.2,1.4
853,8.1,1.7
854,8.1,2.0
855,7.6,2.4
856,7.1,2.8
857,6.6,3.3
858,5.8,3.7
859,5.4,4.1
860,5.2,4.4
861,4.9,4.6
862,4.3,4.9
863,3.9,5.0
864,11.7,0.1
865,11.7,0.1
866,11.7,0.1
867,11.7,0.1
868,11.7,0.1
869,11.5,0.1
870,11.4,0.1
871,11.2,0.1
872,11.0,0.1
873,10.9,0.1
874,10.7,0.1
875,10.5,0.1
876,10.4,0.1
877,10.2,0.1
878,10.1,0.1
879,0.0,0.1
880,15.3,0.1
881,15.2,0.1
882,15.0,0.1
883,14.9,0.1
884,14.7,0.1
885,14.6,0.1
886,14.5,0.1
887,14.3,0.1
888,14.2,0.1
889,14.0,0.1
890,13.9,0.1
891,13.4,0.1
892,13.3,0.1
893,13.3,0.1
894,13.2,0.1
895,13.1,0.1
896,17.0,0.1
897,17.0,0.1
898,17.0,0.1
899,17.0,0.1
900,16.9,0.1
901,16.8,0.1
902,17.0,0.1
903,17.1,0.1
904,17.2,0.1
905,17.2,0.1
906,17.1,0.1
907,18.3,0.1
908,18.1,0.1
909,18.0,0.1
910,17.7,0.1
911,17.3,0.1
912,16.3,0.1
913,16.2,0.1
914,16.2,0.1
915,16.1,0.1
916,16.1,0.1
917,16.0,0.1
918,16.0,0.1
919,16.1,0.1
920,16.1,0.1
921,16.1,0.1
922,15.5,0.1
923,15.5,0.1
924,15.4,0.1
925,15.5,0.1
926,15.6,0.1
927,15.7,0.1
928,12.6,2.7
929,12.6,2.8
930,12.5,3.7
931,12.5,4.9
932,12.5,6.0
933,12.5,7.0
934,12.4,8.0
935,12.4,8.9
936,12.4,10.0
937,12.4,10.7
938,12.4,10.9
939,12.3,11.1
940,12.3,11.0
941,12.3,10.7
942,12.3,10.1
943,12.2,9.5
944,8.9,1.7
945,8.9,1.7
946,8.9,1.6
947,8.8,1.4
948,8.7,1.8
949,8.8,2.1
950,8.9,2.7
951,8.6,3.0
952,8.4,3.1
953,8.1,3.0
954,7.8,3.0
955,7.6,2.9
956,7.3,2.7
957,7.0,2.5
958,6.8,2.3
959,6.5,2.0
960,13.9,0.1
961,13.5,0.1
962,13.5,0.1
963,13.4,0.1
964,13.3,0.1
965,13.3,0.1
966,12.8,0.1
967,13.1,0.1
968,12.5,0.1
969,12.6,0.1
970,12.2,0.1
971,12.0,0.1
972,11.8,0.1
973,11.8,0.1
974,11.7,0.1
975,11.4,0.1
976,17.1,0.1
977,17.0,0.1
978,16.9,0.1
979,16.9,0.1
980,16.8,0.1
981,16.7,0.1
982,16.7,0.1
983,16.6,0.1
984,16.6,0.1
985,16.5,0.1
986,16.4,0.1
987,16.4,0.1
988,16.3,0.1
989,16.3,0.1
990,16.2,0.1
991,16.2,0.1
992,11.4,0.7
993,11.7,0.8
994,11.5,0.9
995,11.2,0.9
996,10.9,1.3
997,10.5,1.9
998,10.4,2.1
999,9.8,2.2
1000,9.1,2.6
1001,8.7,2.9
1002,8.1,3.1
1003,7.7,3.2
1004,7.9,3.4
1005,7.6,3.5
1006,8.0,3.5
1007,7.7,3.6
1008,17.2,0.1
1009,17.2,0.1
1010,17.1,0.1
1011,16.8,0.1
1012,16.7,0.1
1013,16.4,0.1
1014,16.2,0.1
1015,15.9,0.1
1016,16.4,0.1
1017,16.3,0.1
1018,15.6,0.1
1019,15.3,0.1
1020,15.2,0.1
1021,14.6,0.1
1022,14.2,0.1
1023,13.9,0.1
1024,15.8,0.1
1025,15.8,0.1
1026,15.8,0.1
1027,15.8,0.1
1028,15.8,0.1
1029,15.8,0.1
1030,15.6,0.1
1031,15.4,0.1
1032,15.3,0.1
1033,15.1,0.1
1034,14.9,0.1
1035,14.8,0.1
1036,14.6,0.1
1037,14.4,0.1
1038,14.3,0.1
1039,14.1,0.1
1040,10.7,0.4
1041,10.7,0.4
1042,10.7,0.4
1043,10.6,0.4
1044,10.5,0.4
1045,10.5,0.4
1046,10.4,0.4
1047,10.4,0.4
1048,10.1,0.4
1049,9.8,0.4
1050,9.6,0.4
1051,9.3,0.4
1052,9.0,0.4
1053,8.8,0.3
1054,8.5,0.3
1055,8.2,0.2
1056,8.8,0.5
1057,8.6,0.5
1058,8.5,1.0
1059,8.5,1.9
1060,8.4,2.0
1061,8.3,2.2
1062,8.1,2.3
1063,7.9,2.3
1064,7.6,2.4
1065,7.1,2.6
1066,6.6,2.7
1067,5.1,2.8
1068,5.9,2.9
1069,5.5,3.0
1070,5.1,3.0
1071,4.8,3.0
1072,9.2,3.2
1073,9.2,3.4
1074,9.1,4.5
1075,9.1,5.3
1076,9.0,5.7
1077,8.9,5.9
1078,8.9,6.0
1079,8.8,6.0
1080,8.8,5.7
1081,8.3,5.6
1082,8.0,5.4
1083,7.7,5.0
1084,7.4,4.6
1085,7.1,4.1
1086,6.7,3.6
1087,6.4,3.1
1088,10.3,0.3
1089,10.3,0.3
1090,10.3,0.3
1091,10.6,0.3
1092,10.3,0.4
1093,10.2,0.4
1094,10.5,0.3
1095,10.7,0.8
1096,11.2,1.9
1097,11.7,1.1
1098,11.4,1.8
1099,11.2,1.9
1100,11.1,2.1
1101,11.0,2.3
1102,10.9,1.7
1103,10.9,1.1
1104,9.1,0.5
1105,9.1,0.5
1106,9.1,0.5
1107,8.9,0.8
1108,8.7,1.5
1109,8.6,1.9
1110,8.5,2.0
1111,8.4,2.4
1112,8.4,2.7
1113,8.3,3.3
1114,8.2,3.9
1115,8.1,4.3
1116,8.1,4.6
1117,8.0,4.8
1118,7.9,5.0
1119,7.8,5.1
1120,11.2,0.3
1121,11.4,0.3
1122,11.6,0.4
1123,11.6,0.4
1124,11.7,0.4
1125,11.5,0.4
1126,11.3,0.5
1127,11.1,0.6
1128,10.9,0.7
1129,10.8,0.8
1130,10.6,0.9
1131,10.4,1.2
1132,10.3,1.4
1133,10.1,1.5
1134,9.9,1.6
1135,9.8,1.7
1136,15.6,0.1
1137,15.8,0.1
1138,15.4,0.1
1139,15.4,0.1
1140,15.4,0.1
1141,15.3,0.1
1142,15.3,0.1
1143,15.3,0.1
1144,15.3,0.1
1145,15.2,0.1
1146,15.0,0.1
1147,15.3,0.1
1148,14.9,0.1
1149,14.6,0.1
1150,14.2,0.1
1151,13.9,0.1
1152,19.0,0.1
1153,19.0,0.1
1154,19.0,0.1
1155,18.7,0.1
1156,18.6,0.1
1157,18.4,0.1
1158,18.4,0.1
1159,18.2,0.1
1160,18.2,0.1
1161,18.1,0.1
1162,17.9,0.1
1163,18.3,0.1
1164,17.6,0.1
1165,17.2,0.1
1166,17.1,0.1
1167,16.8,0.1
1168,11.6,0.2
1169,11.6,0.2
1170,11.5,0.2
1171,11.3,0.2
1172,10.8,0.2
1173,10.4,0.2
1174,10.5,0.2
1175,10.2,0.3
1176,9.9,0.3
1177,9.7,0.3
1178,9.4,0.3
1179,9.2,0.3
1180,8.6,0.3
1181,8.4,0.3
1182,8.3,0.3
1183,8.3,0.3
1184,12.9,0.3
1185,12.9,0.3
1186,12.9,0.3
1187,12.6,0.3
1188,12.3,0.3
1189,12.1,0.3
1190,11.7,0.3
1191,11.7,0.2
1192,11.0,0.2
1193,10.9,0.1
1194,11.1,0.1
1195,11.0,0.1
1196,10.8,0.1
1197,10.6,0.1
1198,10.6,0.1
1199,10.7,0.1
1200,14.8,0.1
1201,14.9,0.1
1202,15.0,0.1
1203,13.6,0.1
1204,13.1,0.1
1205,12.9,0.1
1206,12.8,0.1
1207,12.1,0.1
1208,11.8,0.1
1209,11.4,0.1
1210,11.4,0.1
1211,11.8,0.1
1212,11.8,0.1
1213,11.9,0.1
1214,11.6,0.1
1215,11.6,0.1
1216,10.1,0.1
1217,10.1,0.1
1218,10.3,0.1
1219,10.5,0.1
1220,10.4,0.1
1221,10.4,0.1
1222,10.3,0.1
1223,10.3,0.1
1224,10.2,0.1
1225,10.2,0.1
1226,10.1,0.1
1227,9.8,0.1
1228,9.4,0.1
1229,9.1,0.1
1230,8.7,0.1
1231,8.6,0.1
1232,18.6,0.1
1233,18.6,0.1
1234,18.6,0.1
1235,18.5,0.1
1236,18.5,0.1
1237,18.2,0.1
1238,17.9,0.1
1239,17.9,0.1
1240,17.6,0.1
1241,17.6,0.1
1242,17.5,0.1
1243,17.1,0.1
1244,16.8,0.1
1245,16.5,0.1
1246,16.4,0.1
1247,16.2,0.1
1248,16.0,0.1
1249,16.0,0.1
1250,15.9,0.1
1251,15.9,0.1
1252,15.8,0.1
1253,15.7,0.1
1254,15.6,0.1
1255,15.8,0.1
1256,15.7,0.1
1257,15.7,0.1
1258,15.8,0.1
1259,15.9,0.1
1260,16.0,0.1
1261,15.3,0.1
1262,15.1,0.1
1263,15.2,0.1
1264,16.3,0.1
1265,16.3,0.1
1266,16.5,0.1
1267,16.6,0.1
1268,16.4,0.1
1269,16.4,0.1
1270,16.3,0.1
1271,16.3,0.1
1272,16.1,0.1
1273,16.0,0.1
1274,15.8,0.1
1275,15.6,0.1
1276,15.4,0.1
1277,15.2,0.1
1278,14.9,0.1
1279,14.8,0.1
1280,,1.9
1281,,2.0
1282,,2.4
1283,,2.9
1284,,3.3
1285,,3.3
1286,,3.7
1287,,4.1
1288,,5.3
1289,,5.8
1290,,6.1
1291,,6.5
1292,,6.7
1293,,6.9
1294,,7.0
1295,,7.1
1296,12.8,0.5
1297,12.8,0.5
1298,12.8,0.6
1299,12.8,0.5
1300,12.8,0.6
1301,12.7,0.5
1302,12.7,0.6
1303,12.6,0.4
1304,12.5,0.9
1305,12.5,1.5
1306,12.4,1.9
1307,11.1,2.3
1308,11.9,2.3
1309,11.7,2.3
1310,10.9,2.2
1311,11.4,2.2
1312,15.3,0.1
1313,15.3,0.1
1314,15.3,0.1
1315,15.3,0.1
1316,15.1,0.1
1317,15.1,0.1
1318,15.0,0.1
1319,15.0,0.1
1320,15.0,0.1
1321,14.9,0.1
1322,14.9,0.1
1323,14.8,0.1
1324,14.8,0.1
1325,14.7,0.1
1326,14.6,0.1
1327,14.5,0.1
1328,13.1,0.1
1329,13.1,0.1
1330,13.1,0.1
1331,12.9,0.1
1332,13.1,0.1
1333,13.2,0.1
1334,13.6,0.1
1335,13.6,0.1
1336,13.6,0.1
1337,13.7,0.1
1338,13.8,0.1
1339,13.5,0.1
1340,13.2,0.1
1341,13.0,0.1
1342,12.7,0.1
1343,12.6,0.1
1344,15.0,0.1
1345,15.0,0.1
1346,15.0,0.1
1347,14.7,0.1
1348,14.4,0.1
1349,14.5,0.1
1350,14.6,0.1
1351,14.6,0.1
1352,14.7,0.1
1353,14.3,0.1
1354,13.9,0.1
1355,13.5,0.1
1356,13.1,0.1
1357,12.7,0.1
1358,12.3,0.1
1359,12.1,0.1
1360,11.1,2.8
1361,11.1,2.9
1362,11.1,3.0
1363,11.1,3.0
1364,11.1,3.4
1365,11.1,4.3
1366,10.7,5.0
1367,10.4,6.4
1368,10.1,9.1
1369,9.7,10.3
1370,9.6,11.6
1371,8.9,13.2
1372,8.2,14.5
1373,8.5,15.7
1374,8.4,16.9
1375,8.4,18.1
1376,11.9,0.1
1377,11.9,0.1
1378,11.9,0.1
1379,11.9,0.1
1380,11.9,0.1
1381,11.9,0.1
1382,11.9,0.1
1383,11.6,0.1
1384,11.8,0.1
1385,12.1,0.1
1386,12.2,0.1
1387,12.4,0.1
1388,11.6,0.1
1389,11.7,0.1
1390,10.4,0.1
1391,10.0,0.1
1392,13.3,0.1
1393,13.0,0.1
1394,13.1,0.1
1395,13.2,0.1
1396,13.4,0.1
1397,13.5,0.1
1398,13.6,0.1
1399,13.8,0.1
1400,13.9,0.1
1401,14.1,0.1
1402,14.2,0.1
1403,14.4,0.1
1404,14.1,0.1
1405,13.9,0.1
1406,14.0,0.1
1407,14.1,0.1
1408,13.0,0.1
1409,12.8,0.1
1410,12.5,0.1
1411,12.3,0.1
1412,12.1,0.2
1413,12.2,0.1
1414,12.4,0.1
1415,12.6,0.2
1416,12.6,0.1
1417,12.5,0.1
1418,12.4,0.1
1419,12.5,0.1
1420,12.2,0.1
1421,12.1,0.1
1422,11.8,0.1
1423,11.4,0.1
1424,10.8,0.2
1425,10.6,0.2
1426,10.4,0.3
1427,10.2,0.3
1428,9.9,0.3
1429,9.6,0.3
1430,9.4,0.2
1431,9.2,0.2
1432,9.0,0.2
1433,9.0,0.2
1434,8.7,0.2
1435,8.6,0.2
1436,8.3,0.1
1437,8.0,0.1
1438,8.0,0.1
1439,8.0,0.1
1440,16.0,0.1
1441,16.0,0.1
1442,15.4,0.1
1443,15.5,0.1
1444,15.8,0.1
1445,16.0,0.1
1446,16.4,0.1
1447,16.3,0.1
1448,16.2,0.1
1449,16.2,0.1
1450,15.9,0.1
1451,15.5,0.1
1452,15.2,0.1
1453,14.8,0.1
1454,14.2,0.1
1455,13.7,0.1
1456,13.3,0.1
1457,13.3,0.1
1458,13.3,0.1
1459,13.3,0.1
1460,13.2,0.1
1461,13.3,0.1
1462,13.2,0.1
1463,13.1,0.1
1464,12.9,0.1
1465,13.2,0.1
1466,13.7,0.1
1467,14.2,0.1
1468,14.8,0.1
1469,15.2,0.1
1470,15.0,0.1
1471,14.9,0.1
1472,10.7,9.3
1473,10.8,9.4
1474,11.1,9.6
1475,11.0,9.0
1476,11.0,10.5
1477,10.9,13.4
1478,10.8,18.2
1479,10.7,27.3
1480,10.6,30.0
1481,10.7,34.1
1482,10.7,34.8
1483,10.7,34.6
1484,10.5,33.8
1485,10.4,32.5
1486,10.3,31.2
1487,9.6,29.8
1488,9.9,0.9
1489,9.9,0.9
1490,9.8,1.1
1491,9.6,1.2
1492,9.5,1.5
1493,9.6,1.8
1494,9.7,2.1
1495,9.8,2.4
1496,9.9,2.8
1497,10.0,3.0
1498,10.1,3.1
1499,10.2,3.2
1500,10.3,3.2
1501,10.4,3.1
1502,10.5,3.1
1503,8.7,3.1
1504,13.4,0.1
1505,13.4,0.1
1506,13.4,0.1
1507,13.7,0.1
1508,14.0,0.1
1509,14.3,0.1
1510,14.6,0.1
1511,14.8,0.1
1512,15.1,0.1
1513,15.4,0.1
1514,15.7,0.1
1515,15.9,0.1
1516,16.0,0.1
1517,15.8,0.1
1518,15.7,0.1
1519,15.5,0.1
1520,16.5,0.1
1521,16.5,0.1
1522,16.4,0.1
1523,16.5,0.1
1524,16.7,0.1
1525,16.8,0.1
1526,16.6,0.1
1527,16.5,0.1
1528,16.4,0.1
1529,16.4,0.1
1530,16.2,0.1
1531,16.3,0.1
1532,15.8,0.1
1533,15.3,0.1
1534,14.7,0.1
1535,14.0,0.1
1536,13.9,0.1
1537,13.9,0.1
1538,13.9,0.1
1539,13.9,0.1
1540,13.9,0.1
1541,13.7,0.1
1542,13.5,0.1
1543,13.5,0.1
1544,13.5,0.1
1545,13.5,0.1
1546,13.5,0.1
1547,13.5,0.1
1548,13.6,0.1
1549,13.5,0.1
1550,13.4,0.1
1551,13.5,0.1
1552,10.3,0.3
1553,10.3,0.3
1554,10.3,0.4
1555,10.2,0.4
1556,10.2,0.4
1557,10.2,0.5
1558,9.7,0.5
1559,9.4,0.5
1560,9.1,0.6
1561,9.0,0.6
1562,8.9,0.6
1563,8.7,0.6
1564,8.5,0.7
1565,8.3,0.7
1566,8.2,0.7
1567,8.0,0.6
1568,10.8,4.8
1569,10.7,5.1
1570,10.7,6.3
1571,10.7,8.3
1572,10.6,11.2
1573,10.2,13.7
1574,9.9,14.9
1575,9.6,16.9
1576,9.7,19.3
1577,9.6,21.1
1578,9.7,22.4
1579,10.0,23.4
1580,10.3,24.2
1581,10.4,24.7
1582,10.1,25.1
1583,10.7,25.5
1584,13.1,0.1
1585,13.0,0.1
1586,12.9,0.1
1587,12.9,0.1
1588,13.0,0.1
1589,12.8,0.1
1590,12.6,0.1
1591,12.5,0.1
1592,12.3,0.1
1593,12.7,0.1
1594,12.9,0.1
1595,12.7,0.1
1596,12.1,0.1
1597,12.0,0.1
1598,11.9,0.1
1599,11.6,0.1
1600,12.7,0.1
1601,12.7,0.1
1602,12.4,0.1
1603,12.1,0.1
1604,11.8,0.1
1605,11.6,0.1
1606,11.8,0.1
1607,11.8,0.1
1608,11.9,0.1
1609,12.0,0.1
1610,12.1,0.1
1611,12.2,0.1
1612,11.8,0.1
1613,12.0,0.1
1614,11.8,0.1
1615,11.3,0.1
1616,8.4,1.5
1617,8.2,1.6
1618,8.0,1.6
1619,7.7,1.5
1620,7.5,1.5
1621,7.3,1.5
1622,7.1,1.6
1623,5.8,1.6
1624,6.4,1.7
1625,6.1,1.8
1626,5.8,1.9
1627,5.5,2.0
1628,5.2,2.2
1629,4.9,2.3
1630,4.6,2.4
1631,4.4,2.5
1632,14.6,0.1
1633,14.3,0.1
1634,14.2,0.1
1635,14.1,0.1
1636,14.8,0.1
1637,14.6,0.1
1638,14.4,0.1
1639,14.6,0.1
1640,14.4,0.1
1641,14.8,0.1
1642,14.8,0.1
1643,14.2,0.1
1644,13.8,0.1
1645,13.8,0.1
1646,13.7,0.1
1647,13.8,0.1
1648,8.5,0.9
1649,8.5,0.9
1650,8.2,1.1
1651,7.8,1.2
1652,7.7,1.2
1653,7.6,1.2
1654,7.1,1.2
1655,7.2,1.3
1656,7.4,1.3
1657,7.2,1.3
1658,7.2,1.3
1659,6.7,1.3
1660,6.6,1.3
1661,6.5,1.2
1662,6.5,1.2
1663,6.4,1.1
1664,15.2,0.1
1665,14.7,0.1
1666,14.7,0.1
1667,14.3,0.1
1668,14.1,0.1
1669,14.0,0.2
1670,13.8,0.1
1671,13.6,0.1
1672,13.5,0.1
1673,13.4,0.1
1674,13.0,0.1
1675,12.8,0.1
1676,12.6,0.1
1677,12.5,0.1
1678,12.2,0.1
1679,12.1,0.1
1680,13.3,0.1
1681,13.1,0.1
1682,12.9,0.1
1683,12.7,0.1
1684,12.6,0.1
1685,12.5,0.1
1686,12.5,0.1
1687,12.3,0.1
1688,12.3,0.1
1689,12.2,0.1
1690,12.2,0.1
1691,12.1,0.1
1692,11.9,0.1
1693,11.6,0.1
1694,11.6,0.1
1695,11.4,0.1
1696,,0.1
1697,,0.1
1698,,0.1
1699,,0.1
1700,,0.1
1701,,0.1
1702,,0.1
1703,,0.1
1704,,0.1
1705,,0.1
1706,,0.1
1707,,0.1
1708,,0.1
1709,,0.1
1710,,0.1
1711,,0.1
1712,14.8,0.1
1713,14.8,0.1
1714,14.7,0.1
1715,14.7,0.1
1716,14.6,0.1
1717,14.3,0.1
1718,13.8,0.1
1719,13.4,0.1
1720,13.0,0.1
1721,12.7,0.1
1722,11.8,0.1
1723,11.2,0.1
1724,10.5,0.1
1725,10.1,0.1
1726,9.4,0.1
1727,8.9,0.1
1728,15.1,0.1
1729,15.1,0.1
1730,15.1,0.1
1731,15.1,0.1
1732,15.1,0.1
1733,15.0,0.1
1734,14.6,0.1
1735,14.2,0.1
1736,13.6,0.1
1737,13.2,0.1
1738,12.8,0.1
1739,12.6,0.1
1740,0.0,0.1
1741,0.0,0.1
1742,0.0,0.1
1743,0.0,0.1
1744,12.1,0.1
1745,12.1,0.1
1746,12.1,0.1
1747,11.6,0.1
1748,11.2,0.1
1749,10.7,0.1
1750,10.5,0.1
1751,10.3,0.1
1752,10.0,0.1
1753,10.0,0.1
1754,9.8,0.1
1755,9.6,0.1
1756,9.3,0.1
1757,8.8,0.1
1758,8.5,0.1
1759,8.0,0.1
1760,9.1,3.9
1761,9.1,4.1
1762,9.1,5.1
1763,9.2,6.9
1764,9.5,9.6
1765,9.3,10.8
1766,9.2,11.3
1767,8.8,12.6
1768,8.2,14.1
1769,7.9,16.3
1770,7.3,16.2
1771,7.0,15.9
1772,6.7,15.3
1773,6.2,14.5
1774,5.8,13.4
1775,5.4,12.2
1776,9.1,0.3
1777,9.1,0.3
1778,9.1,0.4
1779,9.1,0.5
1780,9.1,0.5
1781,8.8,0.5
1782,8.5,0.6
1783,8.2,0.6
1784,8.1,0.6
1785,8.0,0.6
1786,7.9,0.5
1787,7.8,0.5
1788,7.7,0.5
1789,7.6,0.4
1790,7.6,0.4
1791,7.5,0.4
1792,11.7,2.1
1793,11.7,2.2
1794,11.6,2.5
1795,11.5,3.7
1796,11.5,4.7
1797,11.4,6.2
1798,11.4,8.7
1799,11.3,11.7
1800,11.3,15.2
1801,11.4,19.2
1802,11.6,22.1
1803,11.7,24.0
1804,11.7,24.7
1805,11.8,24.6
1806,11.7,23.9
1807,11.5,22.8
1808,12.2,0.1
1809,12.4,0.1
1810,12.3,0.1
1811,12.3,0.2
1812,12.0,0.2
1813,11.1,0.2
1814,10.5,0.2
1815,10.1,0.2
1816,10.0,0.2
1817,9.6,0.2
1818,9.4,0.2
1819,9.3,0.2
1820,9.2,0.1
1821,8.6,0.1
1822,9.0,0.1
1823,8.9,0.1
1824,18.1,0.1
1825,18.1,0.1
1826,18.1,0.1
1827,18.1,0.1
1828,17.2,0.1
1829,17.0,0.1
1830,16.9,0.1
1831,16.8,0.1
1832,16.6,0.1
1833,16.5,0.1
1834,16.4,0.1
1835,16.5,0.1
1836,16.5,0.1
1837,16.9,0.1
1838,16.7,0.1
1839,16.5,0.1
1840,19.2,0.1
1841,19.2,0.1
1842,19.3,0.1
1843,19.5,0.1
1844,19.7,0.1
1845,20.3,0.1
1846,19.3,0.1
1847,19.5,0.1
1848,19.2,0.1
1849,19.1,0.1
1850,18.9,0.1
1851,18.4,0.1
1852,18.2,0.1
1853,17.5,0.1
1854,17.4,0.1
1855,17.2,0.1
1856,11.7,0.1
1857,11.6,0.1
1858,11.5,0.1
1859,11.5,0.1
1860,11.5,0.1
1861,11.4,0.1
1862,11.3,0.2
1863,11.1,0.2
1864,11.0,0.2
1865,11.0,0.3
1866,11.0,0.3
1867,11.0,0.3
1868,11.0,0.3
1869,10.7,0.4
1870,10.4,0.4
1871,10.1,0.4
1872,5.4,0.4
1873,5.3,0.5
1874,5.3,0.6
1875,5.1,0.7
1876,4.8,0.7
1877,4.5,0.9
1878,4.2,1.1
1879,4.0,1.3
1880,3.8,1.4
1881,3.7,1.5
1882,3.5,1.6
1883,3.1,1.6
1884,3.0,1.6
1885,2.9,1.6
1886,2.9,1.6
1887,2.8,1.5
1888,10.0,3.7
1889,10.0,3.9
1890,9.8,3.9
1891,9.7,4.4
1892,9.6,4.7
1893,9.5,4.8
1894,9.3,4.9
1895,9.2,5.0
1896,9.1,5.2
1897,9.0,5.3
1898,8.9,5.4
1899,8.5,5.4
1900,8.1,5.4
1901,7.7,5.3
1902,8.0,5.1
1903,7.6,4.9
1904,,0.1
1905,,0.1
1906,,0.1
1907,,0.1
1908,,0.1
1909,,0.1
1910,,0.1
1911,,0.1
1912,,0.1
1913,,0.1
1914,,0.1
1915,,0.1
1916,,0.1
1917,,0.1
1918,,0.1
1919,,0.1
1920,12.9,0.1
1921,12.9,0.1
1922,12.9,0.1
1923,12.9,0.1
1924,12.9,0.1
1925,13.0,0.1
1926,13.0,0.1
1927,12.2,0.1
1928,12.2,0.1
1929,12.1,0.1
1930,11.9,0.1
1931,11.9,0.1
1932,11.9,0.1
1933,11.9,0.1
1934,11.8,0.1
1935,11.7,0.1
1936,17.7,0.1
1937,17.7,0.1
1938,17.5,0.1
1939,17.6,0.1
1940,17.6,0.1
1941,17.4,0.1
1942,17.4,0.1
1943,17.6,0.1
1944,17.6,0.1
1945,17.5,0.1
1946,17.6,0.1
1947,17.5,0.1
1948,17.1,0.1
1949,17.1,0.1
1950,17.5,0.1
1951,17.1,0.1
1952,13.7,0.1
1953,13.7,0.1
1954,13.7,0.1
1955,13.7,0.1
1956,13.6,0.1
1957,13.5,0.1
1958,12.4,0.1
1959,11.9,0.1
1960,11.5,0.1
1961,11.6,0.1
1962,11.5,0.1
1963,11.5,0.1
1964,11.2,0.1
1965,11.0,0.1
1966,10.7,0.1
1967,10.4,0.1
1968,8.1,0.1
1969,7.8,0.1
1970,7.7,0.1
1971,7.6,0.1
1972,7.5,0.1
1973,7.5,0.1
1974,7.3,0.1
1975,7.3,0.1
1976,6.7,0.1
1977,6.5,0.1
1978,6.1,0.1
1979,5.6,0.1
1980,5.6,0.1
1981,5.5,0.1
1982,5.4,0.1
1983,5.3,0.1
1984,13.0,0.1
1985,13.0,0.1
1986,12.9,0.1
1987,12.8,0.1
1988,12.9,0.1
1989,12.8,0.1
1990,12.8,0.1
1991,12.8,0.1
1992,12.9,0.2
1993,12.9,0.1
1994,12.9,0.1
1995,12.8,0.2
1996,12.8,0.1
1997,12.6,0.2
1998,12.4,0.1
1999,12.1,0.2
2000,10.0,0.6
2001,10.0,0.7
2002,10.0,0.8
2003,9.9,1.0
2004,9.9,1.0
2005,9.6,1.1
2006,9.2,1.1
2007,8.9,1.3
2008,8.6,1.4
2009,8.2,1.5
2010,7.9,1.5
2011,7.6,1.5
2012,7.2,1.4
2013,6.9,1.4
2014,6.6,1.3
2015,6.2,1.1
2016,12.3,0.2
2017,12.3,0.2
2018,12.3,0.2
2019,12.3,0.1
2020,12.3,0.1
2021,12.4,0.1
2022,12.1,0.1
2023,11.9,0.1
2024,12.0,0.1
2025,12.1,0.2
2026,12.3,0.2
2027,12.1,0.2
2028,12.7,0.1
2029,12.2,0.1
2030,11.8,0.1
2031,11.6,0.1
2032,13.4,0.1
2033,13.4,0.1
2034,13.4,0.1
2035,13.4,0.1
2036,13.4,0.2
2037,13.3,0.2
2038,13.3,0.3
2039,13.2,0.3
2040,13.2,0.3
2041,13.0,0.4
2042,13.0,0.4
2043,12.8,0.4
2044,13.3,0.4
2045,13.9,0.4
2046,13.4,0.5
2047,13.5,0.5
2048,11.7,0.1
2049,11.7,0.1
2050,11.7,0.1
2051,11.6,0.1
2052,11.5,0.1
2053,11.4,0.1
2054,11.7,0.1
2055,11.5,0.1
2056,11.4,0.1
2057,11.5,0.1
2058,11.6,0.1
2059,11.6,0.1
2060,11.6,0.1
2061,11.4,0.1
2062,11.4,0.1
2063,11.4,0.1
2064,16.4,0.1
2065,16.4,0.1
2066,15.4,0.1
2067,15.3,0.1
2068,15.4,0.1
2069,15.1,0.1
2070,15.1,0.1
2071,15.0,0.1
2072,15.0,0.1
2073,15.0,0.1
2074,14.8,0.1
2075,15.5,0.1
2076,15.3,0.1
2077,15.0,0.1
2078,14.7,0.1
2079,14.6,0.1
2080,16.6,0.1
2081,16.8,0.1
2082,16.3,0.1
2083,16.3,0.1
2084,16.2,0.1
2085,16.0,0.1
2086,16.0,0.1
2087,15.8,0.1
2088,15.4,0.1
2089,15.4,0.1
2090,15.4,0.1
2091,15.9,0.1
2092,15.8,0.1
2093,15.9,0.1
2094,15.7,0.1
2095,15.5,0.1
2096,13.4,0.1
2097,13.4,0.1
2098,13.4,0.1
2099,13.4,0.1
2100,12.4,0.1
2101,12.0,0.1
2102,11.8,0.1
2103,11.7,0.1
2104,12.6,0.1
2105,13.7,0.1
2106,13.7,0.1
2107,13.5,0.1
2108,12.8,0.1
2109,12.2,0.1
2110,12.6,0.1
2111,13.0,0.1
2112,14.4,0.1
2113,14.3,0.1
2114,14.1,0.1
2115,14.0,0.1
2116,13.5,0.1
2117,13.6,0.1
2118,13.6,0.1
2119,13.5,0.1
2120,13.5,0.1
2121,13.4,0.1
2122,13.2,0.1
2123,13.1,0.1
2124,13.0,0.1
2125,13.2,0.1
2126,13.1,0.1
2127,13.0,0.1
2128,11.1,2.8
2129,11.1,3.0
2130,11.1,3.0
2131,10.2,3.3
2132,10.7,3.5
2133,10.5,3.8
2134,10.3,4.0
2135,10.0,4.3
2136,9.8,5.0
2137,9.6,5.5
2138,9.4,5.9
2139,9.2,6.3
2140,9.4,6.8
2141,9.5,7.2
2142,9.7,7.6
2143,9.8,7.8
2144,14.7,0.1
2145,14.7,0.1
2146,14.7,0.1
2147,15.3,0.1
2148,15.7,0.1
2149,15.8,0.1
2150,15.4,0.1
2151,14.7,0.1
2152,14.1,0.1
2153,13.7,0.1
2154,13.4,0.1
2155,12.9,0.1
2156,12.5,0.1
2157,12.0,0.1
2158,11.7,0.1
2159,11.5,0.1
2160,15.0,0.1
2161,14.9,0.1
2162,14.6,0.2
2163,14.3,0.3
2164,14.0,0.3
2165,13.7,0.2
2166,14.0,0.3
2167,13.9,0.3
2168,13.8,0.3
2169,13.8,0.3
2170,13.7,0.3
2171,13.6,0.3
2172,13.2,0.4
2173,12.8,0.3
2174,12.5,0.3
2175,12.1,0.2
2176,10.8,0.4
2177,10.8,0.4
2178,10.8,0.5
2179,10.5,0.7
2180,10.2,1.3
2181,10.0,2.3
2182,10.2,2.8
2183,10.4,3.7
2184,10.1,5.0
2185,9.3,6.2
2186,8.8,7.1
2187,8.2,7.7
2188,7.6,8.1
2189,7.2,8.0
2190,7.1,8.1
2191,6.6,8.5
2192,13.1,0.1
2193,13.1,0.1
2194,13.1,0.1
2195,13.0,0.1
2196,12.9,0.1
2197,12.8,0.1
2198,12.7,0.1
2199,12.6,0.1
2200,12.8,0.1
2201,12.4,0.1
2202,12.2,0.2
2203,12.3,0.2
2204,12.4,0.2
2205,12.5,0.1
2206,12.6,0.3
2207,12.8,0.4
2208,13.3,0.1
2209,13.3,0.1
2210,13.3,0.1
2211,13.3,0.1
2212,13.3,0.1
2213,13.3,0.1
2214,13.3,0.2
2215,13.3,0.3
2216,13.3,0.3
2217,13.3,0.3
2218,13.3,0.2
2219,13.2,0.4
2220,13.0,0.4
2221,12.9,0.4
2222,12.8,0.7
2223,12.7,0.7
2224,12.9,0.1
2225,12.9,0.1
2226,12.9,0.1
2227,12.9,0.1
2228,12.9,0.1
2229,12.9,0.1
2230,12.9,0.1
2231,12.9,0.1
2232,12.9,0.1
2233,12.7,0.1
2234,12.6,0.1
2235,12.4,0.1
2236,12.3,0.1
2237,12.1,0.1
2238,12.0,0.1
2239,12.1,0.1
2240,11.2,0.2
2241,11.1,0.2
2242,11.0,0.2
2243,10.8,0.5
2244,10.6,0.5
2245,10.6,0.5
2246,10.1,0.9
2247,10.4,0.9
2248,10.3,1.2
2249,10.2,1.2
2250,10.0,1.6
2251,9.8,1.6
2252,9.7,1.6
2253,9.6,1.4
2254,9.4,1.5
2255,9.3,1.5
2256,16.1,0.1
2257,15.8,0.1
2258,15.2,0.1
2259,14.5,0.1
2260,13.9,0.1
2261,13.3,0.1
2262,13.0,0.1
2263,12.8,0.1
2264,12.7,0.1
2265,12.5,0.1
2266,12.4,0.1
2267,12.3,0.1
2268,12.2,0.1
2269,12.1,0.1
2270,12.0,0.1
2271,11.8,0.1
2272,9.5,0.3
2273,9.1,0.3
2274,8.7,0.3
2275,8.3,0.4
2276,7.9,0.4
2277,7.7,0.4
2278,7.5,0.5
2279,7.1,0.6
2280,6.8,0.7
2281,6.6,0.7
2282,6.4,0.7
2283,6.2,0.7
2284,5.9,0.7
2285,5.7,0.7
2286,5.4,0.6
2287,5.2,0.5
2288,14.1,0.1
2289,13.2,0.1
2290,13.5,0.1
2291,13.5,0.1
2292,13.3,0.1
2293,13.2,0.1
2294,13.2,0.1
2295,13.2,0.1
2296,13.1,0.1
2297,13.1,0.1
2298,12.1,0.1
2299,12.3,0.1
2300,12.1,0.1
2301,12.1,0.1
2302,12.2,0.1
2303,12.3,0.1
2304,9.5,0.5
2305,9.5,0.6
2306,9.3,0.8
2307,9.1,0.9
2308,8.9,1.3
2309,8.7,1.6
2310,8.5,1.7
2311,8.3,1.9
2312,8.2,2.2
2313,8.0,2.2
2314,7.8,2.2
2315,7.6,2.1
2316,7.4,1.9
2317,7.2,1.7
2318,7.0,1.5
2319,6.7,1.2
2320,15.4,0.1
2321,15.4,0.1
2322,15.4,0.1
2323,15.4,0.1
2324,15.2,0.1
2325,14.5,0.1
2326,14.4,0.1
2327,14.2,0.1
2328,14.1,0.1
2329,13.9,0.1
2330,12.6,0.1
2331,12.7,0.1
2332,12.7,0.1
2333,12.6,0.1
2334,12.7,0.1
2335,12.5,0.1
2336,15.0,0.1
2337,15.1,0.1
2338,15.0,0.1
2339,15.0,0.1
2340,15.0,0.1
2341,15.0,0.1
2342,14.9,0.1
2343,14.8,0.1
2344,14.5,0.1
2345,14.3,0.1
2346,14.0,0.1
2347,13.8,0.1
2348,13.6,0.1
2349,13.3,0.1
2350,13.3,0.1
2351,13.0,0.1
2352,17.3,0.1
2353,17.6,0.1
2354,16.8,0.1
2355,16.8,0.1
2356,17.0,0.1
2357,16.9,0.1
2358,16.9,0.1
2359,16.9,0.1
2360,16.8,0.1
2361,16.7,0.1
2362,16.3,0.1
2363,16.6,0.1
2364,16.1,0.1
2365,15.6,0.1
2366,14.7,0.1
2367,14.6,0.1
2368,9.6,0.1
2369,9.6,0.1
2370,9.5,0.1
2371,9.4,0.1
2372,9.4,0.1
2373,9.3,0.1
2374,9.3,0.1
2375,9.2,0.1
2376,9.0,0.1
2377,8.4,0.1
2378,8.3,0.1
2379,8.1,0.1
2380,8.0,0.1
2381,7.3,0.1
2382,6.6,0.1
2383,7.2,0.1
2384,,0.7
2385,,0.8
2386,,0.8
2387,,0.8
2388,,0.8
2389,,0.8
2390,,0.8
2391,,0.9
2392,,0.9
2393,,0.9
2394,,0.9
2395,,0.9
2396,,0.9
2397,,0.9
2398,,0.8
2399,,0.8
2400,13.0,3.6
2401,13.0,3.7
2402,12.8,4.5
2403,12.8,7.6
2404,12.8,8.5
2405,12.8,11.0
2406,12.8,19.0
2407,12.9,23.5
2408,12.9,26.4
2409,12.9,28.1
2410,12.9,29.5
2411,12.9,29.7
2412,12.9,28.9
2413,12.9,26.6
2414,13.0,24.0
2415,13.0,21.3
2416,,0.1
2417,,0.1
2418,,0.1
2419,,0.1
2420,,0.1
2421,,0.1
2422,,0.1
2423,,0.1
2424,,0.1
2425,,0.1
2426,,0.1
2427,,0.1
2428,,0.1
2429,,0.1
2430,,0.1
2431,,0.1
2432,4.9,3.4
2433,4.9,3.5
2434,4.9,3.6
2435,4.9,3.8
2436,4.9,3.9
2437,0.0,4.0
2438,0.0,4.2
2439,0.0,4.2
2440,0.0,4.2
2441,0.0,4.1
2442,0.0,3.9
2443,0.0,3.8
2444,0.0,3.5
2445,0.0,3.3
2446,0.0,3.0
2447,0.0,2.7
2448,17.7,0.1
2449,17.6,0.1
2450,17.5,0.1
2451,17.2,0.1
2452,16.9,0.1
2453,16.4,0.1
2454,16.3,0.1
2455,16.1,0.1
2456,16.0,0.1
2457,15.9,0.1
2458,15.8,0.1
2459,15.6,0.1
2460,15.6,0.1
2461,15.7,0.1
2462,15.7,0.1
2463,15.7,0.1
2464,14.0,0.1
2465,14.0,0.1
2466,13.8,0.1
2467,13.7,0.1
2468,13.6,0.1
2469,13.5,0.1
2470,13.4,0.1
2471,13.3,0.1
2472,13.2,0.1
2473,13.1,0.1
2474,12.9,0.1
2475,12.8,0.1
2476,12.7,0.1
2477,12.6,0.1
2478,12.5,0.1
2479,12.4,0.1
2480,7.2,0.3
2481,7.2,0.3
2482,7.0,0.3
2483,6.8,0.3
2484,7.0,0.3
2485,7.0,0.3
2486,6.8,0.3
2487,6.3,0.3
2488,6.4,0.3
2489,6.2,0.2
2490,6.1,0.2
2491,5.7,0.2
2492,5.6,0.2
2493,5.6,0.2
2494,5.6,0.2
2495,5.5,0.1
2496,12.7,0.4
2497,12.7,0.4
2498,12.7,0.4
2499,12.7,0.9
2500,12.5,0.1
2501,12.3,0.5
2502,12.1,0.6
2503,11.9,1.2
2504,11.7,0.8
2505,11.5,0.6
2506,11.3,0.6
2507,11.1,0.9
2508,10.9,1.0
2509,11.0,1.6
2510,11.0,1.8
2511,11.1,0.4
2512,15.9,0.1
2513,15.8,0.1
2514,15.8,0.1
2515,15.8,0.1
2516,16.0,0.1
2517,15.8,0.1
2518,15.8,0.1
2519,15.7,0.1
2520,15.8,0.1
2521,15.9,0.1
2522,16.0,0.1
2523,16.0,0.1
2524,15.9,0.1
2525,15.9,0.1
2526,15.9,0.1
2527,15.9,0.1
2528,16.0,0.1
2529,15.9,0.1
2530,15.8,0.1
2531,15.7,0.1
2532,15.6,0.1
2533,15.4,0.1
2534,15.3,0.1
2535,15.3,0.1
2536,15.3,0.1
2537,15.2,0.1
2538,15.2,0.1
2539,15.1,0.1
2540,15.0,0.1
2541,15.2,0.1
2542,15.2,0.1
2543,15.1,0.1
2544,9.0,0.1
2545,9.0,0.1
2546,13.0,0.1
2547,12.5,0.1
2548,12.0,0.1
2549,11.7,0.1
2550,11.8,0.1
2551,11.6,0.1
2552,11.5,0.1
2553,11.4,0.1
2554,11.0,0.1
2555,10.6,0.1
2556,10.3,0.1
2557,10.2,0.1
2558,10.1,0.1
2559,10.0,0.1
2560,11.3,0.2
2561,11.3,0.2
2562,11.2,0.2
2563,11.1,0.2
2564,11.1,0.2
2565,11.1,0.2
2566,11.1,0.2
2567,10.8,0.3
2568,10.9,0.3
2569,10.7,0.3
2570,10.6,0.3
2571,10.5,0.3
2572,10.1,0.3
2573,9.8,0.3
2574,9.7,0.3
2575,9.6,0.3
2576,13.6,0.1
2577,13.6,0.1
2578,13.6,0.1
2579,13.7,0.1
2580,13.3,0.2
2581,13.1,0.2
2582,13.0,0.3
2583,12.9,0.3
2584,12.3,0.4
2585,12.4,0.5
2586,12.0,0.5
2587,11.9,0.5
2588,11.8,0.6
2589,11.5,0.7
2590,11.2,0.8
2591,10.9,0.8
2592,12.6,0.1
2593,12.6,0.1
2594,12.6,0.1
2595,12.6,0.2
2596,12.6,0.1
2597,12.6,0.2
2598,12.6,0.1
2599,12.6,0.1
2600,12.5,0.1
2601,12.4,0.1
2602,12.4,0.1
2603,12.3,0.1
2604,12.2,0.1
2605,12.1,0.1
2606,12.1,0.2
2607,12.0,0.1
2608,12.0,1.0
2609,12.0,1.0
2610,12.0,1.5
2611,12.0,1.7
2612,11.5,2.6
2613,11.0,3.8
2614,10.6,4.3
2615,10.1,4.8
2616,10.6,5.1
2617,10.2,5.0
2618,10.1,5.0
2619,10.0,5.1
2620,9.9,5.2
2621,9.7,5.3
2622,9.4,5.3
2623,9.3,5.1
2624,14.3,0.1
2625,14.3,0.1
2626,14.3,0.1
2627,14.4,0.1
2628,14.4,0.1
2629,14.4,0.1
2630,14.5,0.1
2631,14.5,0.1
2632,14.5,0.1
2633,14.6,0.1
2634,14.6,0.1
2635,14.6,0.1
2636,13.7,0.1
2637,13.5,0.1
2638,13.2,0.1
2639,13.7,0.1
2640,12.7,0.3
2641,12.7,0.3
2642,12.7,0.3
2643,12.6,0.4
2644,12.6,0.4
2645,12.5,0.4
2646,12.5,0.2
2647,12.4,0.3
2648,12.4,0.7
2649,12.3,0.6
2650,12.3,0.5
2651,12.2,1.0
2652,12.0,0.5
2653,11.9,2.0
2654,11.8,1.2
2655,11.7,0.9
2656,14.6,0.1
2657,14.7,0.1
2658,14.7,0.1
2659,14.6,0.1
2660,14.5,0.1
2661,14.4,0.1
2662,14.4,0.1
2663,14.3,0.1
2664,14.3,0.1
2665,14.2,0.1
2666,13.9,0.1
2667,13.6,0.1
2668,13.5,0.1
2669,13.3,0.1
2670,13.1,0.1
2671,12.8,0.1
2672,14.5,0.1
2673,14.5,0.1
2674,14.4,0.1
2675,14.3,0.1
2676,13.8,0.1
2677,13.0,0.1
2678,12.5,0.1
2679,12.5,0.1
2680,12.3,0.1
2681,11.9,0.1
2682,11.9,0.1
2683,12.0,0.1
2684,11.9,0.1
2685,11.5,0.1
2686,11.1,0.1
2687,10.7,0.1
2688,10.8,0.1
2689,10.8,0.1
2690,10.7,0.1
2691,10.7,0.1
2692,10.6,0.1
2693,10.6,0.1
2694,10.5,0.1
2695,10.5,0.1
2696,10.4,0.1
2697,10.4,0.1
2698,10.3,0.1
2699,10.3,0.1
2700,10.3,0.1
2701,10.2,0.1
2702,10.2,0.1
2703,0.0,0.1
2704,10.0,3.1
2705,10.0,3.2
2706,10.0,4.0
2707,10.0,4.6
2708,10.7,6.8
2709,10.9,8.0
2710,10.8,8.1
2711,10.6,8.2
2712,10.3,8.4
2713,10.6,8.6
2714,10.9,8.7
2715,11.6,8.9
2716,11.5,9.4
2717,11.0,10.0
2718,10.8,10.8
2719,9.8,11.6
2720,15.3,0.2
2721,15.2,0.2
2722,15.2,0.2
2723,15.1,0.2
2724,14.9,0.2
2725,14.9,0.2
2726,14.9,0.3
2727,14.9,0.4
2728,14.8,0.7
2729,14.7,0.8
2730,14.5,0.9
2731,14.6,1.0
2732,14.3,0.9
2733,13.9,0.9
2734,13.2,0.8
2735,13.3,0.7
2736,13.3,0.1
2737,13.3,0.1
2738,13.3,0.1
2739,13.3,0.1
2740,13.3,0.1
2741,13.3,0.1
2742,13.2,0.1
2743,13.1,0.1
2744,12.9,0.1
2745,12.8,0.1
2746,12.6,0.1
2747,12.4,0.1
2748,12.3,0.1
2749,12.1,0.1
2750,12.0,0.1
2751,11.8,0.1
2752,,0.1
2753,,0.1
2754,,0.1
2755,,0.1
2756,,0.1
2757,,0.1
2758,,0.1
2759,,0.1
2760,,0.1
2761,,0.1
2762,,0.1
2763,,0.1
2764,,0.1
2765,,0.1
2766,,0.1
2767,,0.1
2768,,1.4
2769,,1.4
2770,,2.1
2771,,2.4
2772,,3.1
2773,,4.6
2774,,6.4
2775,,7.4
2776,,8.5
2777,,9.4
2778,,10.0
2779,,10.8
2780,,11.5
2781,,12.1
2782,,12.5
2783,,12.8
2784,,0.1
2785,,0.1
2786,,0.1
2787,,0.1
2788,,0.1
2789,,0.1
2790,,0.1
2791,,0.1
2792,,0.1
2793,,0.1
2794,,0.1
2795,,0.1
2796,,0.1
2797,,0.1
2798,,0.1
2799,,0.1
2800,15.5,0.1
2801,15.5,0.1
2802,15.5,0.1
2803,15.5,0.1
2804,15.5,0.1
2805,15.6,0.1
2806,15.5,0.1
2807,15.7,0.1
2808,15.3,0.1
2809,15.2,0.1
2810,15.5,0.1
2811,15.5,0.1
2812,15.0,0.1
2813,14.7,0.1
2814,14.2,0.1
2815,14.0,0.1
2816,12.1,0.1
2817,12.1,0.1
2818,12.0,0.1
2819,12.0,0.1
2820,12.0,0.1
2821,11.9,0.2
2822,11.8,0.2
2823,11.9,0.3
2824,11.8,0.3
2825,11.8,0.4
2826,11.7,0.3
2827,11.6,0.3
2828,11.3,0.3
2829,11.0,0.2
2830,10.7,0.2
2831,10.6,0.1
2832,10.8,0.1
2833,10.8,0.1
2834,10.8,0.1
2835,10.8,0.1
2836,10.8,0.1
2837,10.8,0.1
2838,10.7,0.1
2839,10.7,0.1
2840,10.7,0.1
2841,10.6,0.1
2842,10.6,0.1
2843,10.7,0.1
2844,10.4,0.1
2845,10.2,0.1
2846,10.1,0.1
2847,9.6,0.1
2848,14.3,0.1
2849,14.2,0.1
2850,14.2,0.1
2851,14.1,0.1
2852,14.1,0.1
2853,14.0,0.1
2854,14.0,0.1
2855,13.4,0.1
2856,12.9,0.1
2857,12.4,0.1
2858,11.8,0.1
2859,11.6,0.1
2860,11.6,0.1
2861,11.0,0.1
2862,10.4,0.1
2863,10.6,0.1
2864,12.6,0.1
2865,12.5,0.1
2866,12.3,0.1
2867,12.2,0.1
2868,12.0,0.1
2869,11.9,0.1
2870,11.7,0.1
2871,11.6,0.2
2872,11.4,0.2
2873,11.3,0.2
2874,11.1,0.2
2875,11.0,0.2
2876,10.9,0.2
2877,10.7,0.2
2878,10.6,0.1
2879,10.4,0.1
2880,9.0,0.1
2881,9.0,0.1
2882,9.0,0.1
2883,9.0,0.1
2884,8.6,0.1
2885,8.5,0.1
2886,8.4,0.1
2887,8.5,0.1
2888,8.6,0.1
2889,8.7,0.1
2890,8.6,0.1
2891,8.4,0.1
2892,8.2,0.1
2893,8.0,0.1
2894,7.9,0.1
2895,7.7,0.1
2896,12.5,4.1
2897,12.5,4.3
2898,12.5,4.8
2899,12.3,5.6
2900,12.0,6.3
2901,11.8,6.8
2902,11.6,9.1
2903,11.4,11.9
2904,11.1,13.6
2905,10.9,15.9
2906,10.7,17.0
2907,10.5,17.6
2908,10.2,18.2
2909,10.0,18.4
2910,9.8,18.6
2911,9.6,18.7
2912,10.3,6.2
2913,10.3,6.3
2914,10.4,6.8
2915,9.8,8.8
2916,10.1,13.3
2917,10.0,15.7
2918,9.9,18.1
2919,9.7,20.5
2920,9.6,23.7
2921,9.5,26.8
2922,9.3,30.3
2923,9.2,33.6
2924,9.5,36.7
2925,10.0,39.8
2926,9.8,42.1
2927,9.8,43.5
