,Year,BMI,Schooling (years)
0,2015,19.1,10.1
1,2014,18.6,10.0
2,2013,18.1,9.9
3,2012,17.6,9.8
4,2011,17.2,9.5
5,2010,16.7,9.2
6,2009,16.2,8.9
7,2008,15.7,8.7
8,2007,15.2,8.4
9,2006,14.7,8.1
10,2005,14.2,7.9
11,2004,13.8,6.8
12,2003,13.4,6.5
13,2002,13.0,6.2
14,2001,12.6,5.9
15,2000,12.2,5.5
16,2015,58.0,14.2
17,2014,57.2,14.2
18,2013,56.5,14.2
19,2012,55.8,14.2
20,2011,55.1,13.3
21,2010,54.3,12.5
22,2009,53.5,12.2
23,2008,52.6,12.0
24,2007,51.7,11.6
25,2006,5.8,11.4
26,2005,49.9,10.8
27,2004,48.9,10.9
28,2003,47.9,10.7
29,2002,46.9,10.7
30,2001,46.0,10.6
31,2000,45.0,10.7
32,2015,59.5,14.4
33,2014,58.4,14.4
34,2013,57.2,14.4
35,2012,56.1,14.4
36,2011,55.0,14.0
37,2010,53.9,13.6
38,2009,52.8,13.1
39,2008,51.8,12.6
40,2007,5.8,12.3
41,2006,49.8,12.3
42,2005,48.9,12.0
43,2004,47.9,11.7
44,2003,47.0,11.5
45,2002,46.1,11.1
46,2001,45.3,10.9
47,2000,44.4,10.7
48,2015,23.3,11.4
49,2014,22.7,11.4
50,2013,22.1,11.4
51,2012,21.5,10.3
52,2011,21.0,9.4
53,2010,2.4,9.0
54,2009,19.8,8.5
55,2008,19.3,8.1
56,2007,18.8,7.7
57,2006,18.2,7.2
58,2005,17.7,6.8
59,2004,17.2,6.4
60,2003,16.8,5.9
61,2002,16.3,5.5
62,2001,15.8,5.1
63,2000,15.4,4.6
64,2015,47.7,13.9
65,2014,47.0,13.9
66,2013,46.4,13.9
67,2012,45.7,13.8
68,2011,45.1,14.1
69,2010,44.4,14.1
70,2009,43.8,14.2
71,2008,43.2,14.4
72,2007,42.6,14.5
73,2006,42.0,14.7
74,2005,41.4,0.0
75,2004,4.8,0.0
76,2003,4.1,0.0
77,2002,39.5,0.0
78,2001,38.9,0.0
79,2000,38.2,0.0
80,2015,62.8,17.3
81,2014,62.2,17.3
82,2013,61.6,17.3
83,2012,61.0,17.2
84,2011,6.4,17.1
85,2010,59.8,16.8
86,2009,59.2,16.5
87,2008,58.6,16.3
88,2007,58.0,16.3
89,2006,57.5,16.1
90,2005,56.9,16.3
91,2004,56.3,16.3
92,2003,55.7,16.4
93,2002,55.1,16.3
94,2001,54.6,15.6
95,2000,54.0,15.0
96,2015,54.9,12.7
97,2014,54.1,12.7
98,2013,53.3,12.7
99,2012,52.6,12.7
100,2011,51.9,12.7
101,2010,51.2,12.3
102,2009,5.7,11.9
103,2008,5.1,12.3
104,2007,49.7,11.7
105,2006,49.2,11.2
106,2005,48.8,10.9
107,2004,48.4,10.9
108,2003,48.1,10.8
109,2002,47.8,10.8
110,2001,47.4,11.1
111,2000,47.1,11.2
112,2015,66.6,20.4
113,2014,66.1,20.4
114,2013,65.5,20.3
115,2012,65.0,20.1
116,2011,64.4,19.8
117,2010,63.9,19.5
118,2009,63.4,19.1
119,2008,62.9,19.1
120,2007,62.5,19.0
121,2006,62.0,20.3
122,2005,61.5,20.3
123,2004,6.9,20.7
124,2003,6.3,20.6
125,2002,59.6,20.1
126,2001,59.0,20.5
127,2000,58.2,20.4
128,2015,57.6,15.9
129,2014,57.1,15.9
130,2013,56.6,15.7
131,2012,56.1,15.7
132,2011,55.7,15.7
133,2010,55.2,15.4
134,2009,54.7,15.3
135,2008,54.2,15.1
136,2007,53.7,15.2
137,2006,53.2,15.0
138,2005,52.7,14.9
139,2004,52.2,14.7
140,2003,51.7,14.7
141,2002,51.2,16.1
142,2001,5.6,15.5
143,2000,5.1,15.4
144,2015,52.5,12.7
145,2014,51.5,12.2
146,2013,5.6,11.9
147,2012,49.7,11.8
148,2011,48.8,11.7
149,2010,48.0,11.7
150,2009,47.3,11.6
151,2008,46.6,11.6
152,2007,45.9,11.6
153,2006,45.3,10.7
154,2005,44.7,11.2
155,2004,44.2,11.0
156,2003,43.6,10.8
157,2002,43.1,10.6
158,2001,42.6,10.4
159,2000,42.1,10.1
160,2015,63.6,14.5
161,2014,62.9,14.5
162,2013,62.2,14.5
163,2012,61.5,14.5
164,2011,6.8,14.4
165,2010,6.1,14.4
166,2009,59.3,14.4
167,2008,58.5,14.4
168,2007,57.6,14.4
169,2006,56.8,14.2
170,2005,56.1,14.0
171,2004,55.6,13.9
172,2003,55.2,13.7
173,2002,55.0,13.5
174,2001,54.8,13.3
175,2000,54.5,13.2
176,2015,18.3,10.2
177,2014,17.7,10.0
178,2013,17.0,10.0
179,2012,16.4,9.9
180,2011,15.8,9.4
181,2010,15.2,8.9
182,2009,14.6,8.4
183,2008,14.0,8.6
184,2007,13.5,8.6
185,2006,13.0,8.4
186,2005,12.5,8.2
187,2004,12.0,8.1
188,2003,11.6,7.9
189,2002,11.2,7.7
190,2001,1.8,7.5
191,2000,1.4,7.3
192,2015,54.5,15.3
193,2014,53.7,15.3
194,2013,53.0,15.3
195,2012,52.2,15.3
196,2011,51.4,15.5
197,2010,5.7,15.8
198,2009,49.9,15.5
199,2008,49.2,15.3
200,2007,48.4,15.0
201,2006,47.7,14.8
202,2005,46.9,14.6
203,2004,46.2,14.4
204,2003,45.4,14.2
205,2002,44.6,14.0
206,2001,43.8,14.0
207,2000,43.0,14.0
208,2015,62.3,15.6
209,2014,61.7,15.7
210,2013,61.1,15.7
211,2012,6.5,15.6
212,2011,59.9,15.5
213,2010,59.3,15.5
214,2009,58.7,15.4
215,2008,58.2,15.1
216,2007,57.7,14.9
217,2006,57.2,14.6
218,2005,56.7,14.4
219,2004,56.2,14.1
220,2003,55.8,13.9
221,2002,55.3,13.6
222,2001,54.9,13.3
223,2000,54.4,13.1
224,2015,63.7,16.6
225,2014,63.4,16.3
226,2013,63.0,16.3
227,2012,62.6,16.2
228,2011,62.3,16.1
229,2010,61.9,15.9
230,2009,61.6,15.8
231,2008,61.3,15.8
232,2007,6.9,15.8
233,2006,6.6,15.7
234,2005,6.2,15.7
235,2004,59.8,18.8
236,2003,59.4,18.6
237,2002,59.0,18.8
238,2001,58.5,18.2
239,2000,58.1,18.0
240,2015,5.9,12.8
241,2014,5.1,12.8
242,2013,49.3,12.9
243,2012,48.5,12.5
244,2011,47.8,12.4
245,2010,47.0,12.4
246,2009,46.3,12.7
247,2008,45.7,12.8
248,2007,45.0,12.8
249,2006,44.4,12.3
250,2005,43.8,12.8
251,2004,43.2,12.5
252,2003,42.6,12.2
253,2002,42.0,11.9
254,2001,41.4,11.8
255,2000,4.8,11.7
256,2015,25.7,10.7
257,2014,25.2,10.7
258,2013,24.6,10.3
259,2012,24.1,10.0
260,2011,23.5,9.8
261,2010,23.0,9.5
262,2009,22.5,9.3
263,2008,22.0,9.1
264,2007,21.5,8.9
265,2006,21.0,8.7
266,2005,2.5,8.5
267,2004,2.1,8.1
268,2003,19.7,7.7
269,2002,19.2,7.3
270,2001,18.8,6.6
271,2000,18.4,6.4
272,2015,24.5,12.5
273,2014,23.6,12.5
274,2013,22.7,12.6
275,2012,21.9,12.3
276,2011,21.1,11.9
277,2010,2.3,11.4
278,2009,19.5,10.9
279,2008,18.8,10.5
280,2007,18.0,10.1
281,2006,17.4,9.6
282,2005,16.7,9.2
283,2004,16.1,8.8
284,2003,15.5,8.4
285,2002,14.9,8.0
286,2001,14.4,7.6
287,2000,13.9,7.3
288,2015,52.6,13.8
289,2014,51.9,13.8
290,2013,51.2,13.8
291,2012,5.6,13.8
292,2011,49.9,13.8
293,2010,49.3,13.8
294,2009,48.6,13.8
295,2008,48.0,14.0
296,2007,47.3,14.1
297,2006,46.7,14.3
298,2005,46.0,14.4
299,2004,45.4,14.6
300,2003,44.7,14.4
301,2002,44.0,14.0
302,2001,43.3,13.7
303,2000,42.6,13.3
304,2015,55.8,14.2
305,2014,55.3,14.2
306,2013,54.7,14.2
307,2012,54.2,13.9
308,2011,53.7,13.4
309,2010,53.1,13.3
310,2009,52.6,13.3
311,2008,52.1,13.1
312,2007,51.5,12.9
313,2006,51.0,12.7
314,2005,5.5,12.5
315,2004,49.9,12.3
316,2003,49.4,12.1
317,2002,48.8,11.9
318,2001,48.2,11.6
319,2000,47.6,0.0
320,2015,37.9,12.6
321,2014,37.3,12.6
322,2013,36.8,12.6
323,2012,36.2,12.5
324,2011,35.7,12.4
325,2010,35.2,12.3
326,2009,34.7,12.2
327,2008,34.2,12.1
328,2007,33.7,12.1
329,2006,33.2,11.9
330,2005,32.7,11.9
331,2004,32.2,11.8
332,2003,31.6,11.8
333,2002,31.1,11.9
334,2001,3.5,11.8
335,2000,29.9,11.7
336,2015,56.1,15.2
337,2014,55.3,15.2
338,2013,54.5,14.2
339,2012,53.6,14.2
340,2011,52.8,14.0
341,2010,52.0,13.8
342,2009,51.1,13.8
343,2008,5.3,13.3
344,2007,49.4,13.5
345,2006,48.6,13.8
346,2005,47.8,13.8
347,2004,46.9,14.0
348,2003,46.1,14.8
349,2002,45.3,14.6
350,2001,44.5,14.3
351,2000,43.7,14.1
352,2015,41.2,14.9
353,2014,4.2,15.0
354,2013,39.2,14.9
355,2012,38.2,14.4
356,2011,37.2,14.1
357,2010,36.2,14.2
358,2009,35.2,14.1
359,2008,34.2,14.2
360,2007,33.2,14.3
361,2006,32.2,14.3
362,2005,31.2,14.1
363,2004,3.1,13.7
364,2003,29.1,13.4
365,2002,28.0,13.3
366,2001,27.0,13.4
367,2000,26.1,13.4
368,2015,65.7,15.0
369,2014,65.1,14.8
370,2013,64.5,14.4
371,2012,63.9,14.3
372,2011,63.3,14.2
373,2010,62.7,13.9
374,2009,62.1,13.8
375,2008,61.5,13.8
376,2007,6.9,13.5
377,2006,6.3,13.5
378,2005,59.7,13.5
379,2004,59.1,13.3
380,2003,58.6,12.9
381,2002,58.1,12.9
382,2001,57.5,12.9
383,2000,57.0,12.9
384,2015,19.4,7.7
385,2014,18.8,7.7
386,2013,18.2,7.5
387,2012,17.7,7.2
388,2011,17.1,6.7
389,2010,16.6,6.3
390,2009,16.1,5.9
391,2008,15.6,5.4
392,2007,15.1,4.9
393,2006,14.6,4.7
394,2005,14.2,4.3
395,2004,13.7,3.9
396,2003,13.3,3.8
397,2002,12.9,3.6
398,2001,12.5,3.5
399,2000,12.2,3.4
400,2015,18.7,10.6
401,2014,18.2,10.6
402,2013,17.6,10.5
403,2012,17.1,10.3
404,2011,16.6,9.9
405,2010,16.1,9.3
406,2009,15.7,8.6
407,2008,15.2,7.9
408,2007,14.8,7.2
409,2006,14.5,5.9
410,2005,14.1,5.6
411,2004,13.8,5.2
412,2003,13.5,4.7
413,2002,13.3,4.4
414,2001,13.0,4.5
415,2000,12.8,4.5
416,2015,19.6,10.9
417,2014,18.9,10.9
418,2013,18.2,10.8
419,2012,17.6,10.7
420,2011,17.0,10.7
421,2010,16.4,10.6
422,2009,15.9,10.5
423,2008,15.3,10.5
424,2007,14.8,10.3
425,2006,14.3,10.1
426,2005,13.9,10.0
427,2004,13.5,9.7
428,2003,13.1,9.3
429,2002,12.8,8.2
430,2001,12.4,7.6
431,2000,12.1,7.2
432,2015,29.0,10.4
433,2014,28.4,10.4
434,2013,27.8,10.4
435,2012,27.2,10.4
436,2011,26.6,10.0
437,2010,26.0,9.7
438,2009,25.4,9.2
439,2008,24.9,8.8
440,2007,24.4,8.0
441,2006,23.8,8.2
442,2005,23.3,8.3
443,2004,22.8,8.2
444,2003,22.3,8.1
445,2002,21.8,8.4
446,2001,21.3,7.1
447,2000,2.9,6.9
448,2015,67.0,16.3
449,2014,66.4,15.9
450,2013,65.8,15.9
451,2012,65.3,15.9
452,2011,64.7,15.9
453,2010,64.1,15.9
454,2009,63.6,15.9
455,2008,63.0,15.8
456,2007,62.5,15.8
457,2006,61.9,15.8
458,2005,61.3,15.8
459,2004,6.6,15.8
460,2003,6.0,15.8
461,2002,59.3,15.8
462,2001,58.5,15.8
463,2000,57.8,15.9
464,2015,31.3,13.5
465,2014,3.5,13.5
466,2013,29.7,13.6
467,2012,29.0,13.2
468,2011,28.2,13.1
469,2010,27.5,12.7
470,2009,26.8,12.4
471,2008,26.2,12.2
472,2007,25.5,11.9
473,2006,24.9,11.9
474,2005,24.3,11.2
475,2004,23.7,11.1
476,2003,23.2,11.3
477,2002,22.6,11.3
478,2001,22.1,11.0
479,2000,21.5,11.3
480,2015,22.7,7.1
481,2014,22.1,7.1
482,2013,21.6,7.1
483,2012,21.2,7.1
484,2011,2.7,6.8
485,2010,2.2,6.6
486,2009,19.8,6.4
487,2008,19.4,6.3
488,2007,19.0,6.2
489,2006,18.6,6.0
490,2005,18.2,5.9
491,2004,17.9,5.7
492,2003,17.5,5.6
493,2002,17.2,5.4
494,2001,16.8,5.3
495,2000,16.5,5.2
496,2015,19.1,7.3
497,2014,18.7,7.3
498,2013,18.2,7.3
499,2012,17.9,7.3
500,2011,17.5,6.7
501,2010,17.1,6.7
502,2009,16.7,6.3
503,2008,16.4,6.0
504,2007,16.1,5.7
505,2006,15.7,5.5
506,2005,15.4,5.6
507,2004,15.1,5.6
508,2003,14.8,5.4
509,2002,14.4,5.1
510,2001,14.1,4.9
511,2000,13.9,4.7
512,2015,63.8,16.3
513,2014,63.1,16.2
514,2013,62.5,15.6
515,2012,61.8,15.5
516,2011,61.2,15.4
517,2010,6.6,15.2
518,2009,59.9,15.3
519,2008,59.3,15.2
520,2007,58.7,14.8
521,2006,58.1,14.9
522,2005,57.4,14.6
523,2004,56.8,14.3
524,2003,56.1,14.0
525,2002,55.4,13.9
526,2001,54.7,13.7
527,2000,54.0,13.5
528,2015,32.9,13.5
529,2014,31.9,13.1
530,2013,3.9,12.7
531,2012,3.0,12.4
532,2011,29.0,12.8
533,2010,28.1,12.5
534,2009,27.3,12.2
535,2008,26.5,11.9
536,2007,25.7,11.4
537,2006,24.9,11.0
538,2005,24.1,10.6
539,2004,23.4,10.2
540,2003,22.6,9.9
541,2002,21.9,9.7
542,2001,21.2,9.6
543,2000,2.5,9.5
544,2015,57.9,13.6
545,2014,57.2,13.6
546,2013,56.4,13.3
547,2012,55.7,13.2
548,2011,55.0,13.0
549,2010,54.2,12.8
550,2009,53.5,12.4
551,2008,52.8,12.2
552,2007,52.0,11.9
553,2006,51.3,11.5
554,2005,5.5,11.1
555,2004,49.8,11.3
556,2003,49.0,11.6
557,2002,48.2,11.5
558,2001,47.5,11.4
559,2000,46.7,11.3
560,2015,24.2,11.1
561,2014,23.7,11.1
562,2013,23.2,10.9
563,2012,22.6,10.8
564,2011,22.1,10.6
565,2010,21.6,10.5
566,2009,21.1,10.3
567,2008,2.6,10.2
568,2007,2.1,10.0
569,2006,19.6,9.9
570,2005,19.2,9.7
571,2004,18.8,9.5
572,2003,18.4,9.2
573,2002,18.0,8.8
574,2001,17.6,8.5
575,2000,17.3,8.2
576,2015,6.5,14.2
577,2014,59.5,13.9
578,2013,58.5,13.7
579,2012,57.5,13.6
580,2011,56.5,13.4
581,2010,55.5,13.3
582,2009,54.4,13.1
583,2008,53.4,12.9
584,2007,52.4,12.8
585,2006,51.4,12.6
586,2005,5.3,12.4
587,2004,49.3,12.2
588,2003,48.3,12.1
589,2002,47.3,11.9
590,2001,46.4,11.7
591,2000,45.4,11.6
592,2015,63.7,15.3
593,2014,63.1,15.1
594,2013,62.5,14.9
595,2012,61.9,14.6
596,2011,61.3,14.5
597,2010,6.6,14.2
598,2009,6.0,14.2
599,2008,59.4,14.3
600,2007,58.7,14.3
601,2006,58.1,13.9
602,2005,57.5,13.6
603,2004,56.9,13.3
604,2003,56.3,12.9
605,2002,55.8,12.6
606,2001,55.2,12.3
607,2000,54.7,12.2
608,2015,61.4,13.9
609,2014,6.7,14.0
610,2013,59.9,14.7
611,2012,59.2,15.7
612,2011,58.4,16.5
613,2010,57.7,17.6
614,2009,56.9,17.7
615,2008,56.2,17.1
616,2007,55.4,16.0
617,2006,54.6,14.7
618,2005,53.8,14.2
619,2004,53.0,13.2
620,2003,52.1,12.9
621,2002,51.3,12.5
622,2001,5.4,12.3
623,2000,49.4,12.1
624,2015,6.3,14.3
625,2014,59.8,14.0
626,2013,59.2,13.8
627,2012,58.7,13.8
628,2011,58.3,13.8
629,2010,57.8,14.6
630,2009,57.3,14.1
631,2008,56.8,13.7
632,2007,56.3,13.5
633,2006,55.8,13.4
634,2005,55.3,13.5
635,2004,54.8,13.4
636,2003,54.3,13.0
637,2002,53.8,12.5
638,2001,53.3,12.4
639,2000,52.8,12.5
640,2015,66.1,
641,2014,65.6,
642,2013,65.1,
643,2012,64.5,
644,2011,64.0,
645,2010,63.6,
646,2009,63.1,
647,2008,62.6,
648,2007,62.2,
649,2006,61.8,
650,2005,61.3,
651,2004,6.8,
652,2003,6.4,
653,2002,59.9,
654,2001,59.4,
655,2000,59.0,
656,2015,21.6,
657,2014,21.1,
658,2013,2.6,
659,2012,2.1,
660,2011,19.6,
661,2010,19.1,
662,2009,18.6,
663,2008,18.2,
664,2007,17.8,
665,2006,17.3,
666,2005,16.9,
667,2004,16.5,
668,2003,16.1,
669,2002,15.7,
670,2001,15.3,
671,2000,14.9,
672,2015,58.8,19.2
673,2014,58.4,19.2
674,2013,58.1,18.7
675,2012,57.7,18.4
676,2011,57.4,16.9
677,2010,57.0,16.8
678,2009,56.6,16.8
679,2008,56.3,16.8
680,2007,55.9,16.7
681,2006,55.4,16.9
682,2005,55.0,16.6
683,2004,54.4,16.5
684,2003,53.9,16.3
685,2002,53.3,16.6
686,2001,52.8,16.2
687,2000,52.2,16.5
688,2015,35.0,6.3
689,2014,34.4,6.3
690,2013,33.8,6.3
691,2012,33.2,6.3
692,2011,32.7,5.9
693,2010,32.2,5.5
694,2009,31.7,5.3
695,2008,31.3,5.0
696,2007,3.9,4.5
697,2006,3.6,4.3
698,2005,3.2,4.0
699,2004,29.8,3.7
700,2003,29.4,3.5
701,2002,29.0,3.3
702,2001,28.6,2.9
703,2000,28.2,2.9
704,2015,58.9,13.2
705,2014,57.9,13.2
706,2013,56.8,13.2
707,2012,55.8,13.1
708,2011,54.7,13.0
709,2010,53.6,12.9
710,2009,52.6,12.9
711,2008,51.5,12.8
712,2007,5.4,12.7
713,2006,49.3,12.6
714,2005,48.2,12.6
715,2004,47.2,12.5
716,2003,46.1,12.4
717,2002,45.1,12.3
718,2001,44.1,12.3
719,2000,43.1,12.2
720,2015,17.4,12.5
721,2014,17.0,12.5
722,2013,16.6,12.5
723,2012,16.2,12.5
724,2011,15.8,12.5
725,2010,15.5,12.4
726,2009,15.1,12.1
727,2008,14.7,11.7
728,2007,14.2,11.3
729,2006,13.9,11.0
730,2005,13.5,10.6
731,2004,13.2,10.2
732,2003,12.9,9.8
733,2002,12.6,9.8
734,2001,12.3,9.8
735,2000,11.9,0.0
736,2015,54.2,14.0
737,2014,53.5,14.0
738,2013,52.8,13.4
739,2012,52.1,13.3
740,2011,51.4,13.2
741,2010,5.7,13.1
742,2009,5.0,13.1
743,2008,49.3,13.0
744,2007,48.6,12.9
745,2006,47.9,12.8
746,2005,47.2,12.8
747,2004,46.5,12.7
748,2003,45.8,12.6
749,2002,45.1,12.5
750,2001,44.3,12.4
751,2000,43.6,12.4
752,2015,61.1,13.1
753,2014,6.2,13.1
754,2013,59.4,12.8
755,2012,58.6,12.4
756,2011,57.8,12.4
757,2010,57.0,12.2
758,2009,56.2,12.0
759,2008,55.5,11.9
760,2007,54.8,11.7
761,2006,54.2,11.5
762,2005,53.5,11.4
763,2004,52.9,11.2
764,2003,52.3,11.3
765,2002,51.8,11.2
766,2001,51.2,11.1
767,2000,5.7,11.0
768,2015,56.1,13.2
769,2014,55.4,13.2
770,2013,54.7,13.2
771,2012,54.1,13.2
772,2011,53.4,13.0
773,2010,52.8,12.9
774,2009,52.1,12.8
775,2008,51.4,13.4
776,2007,5.8,12.9
777,2006,5.1,12.9
778,2005,49.4,12.7
779,2004,48.6,12.4
780,2003,47.8,12.0
781,2002,47.0,11.8
782,2001,46.2,11.6
783,2000,45.3,11.3
784,2015,24.5,9.2
785,2014,24.0,9.2
786,2013,23.5,9.2
787,2012,23.0,9.2
788,2011,22.6,9.2
789,2010,22.1,9.2
790,2009,21.7,9.1
791,2008,21.3,9.1
792,2007,2.9,9.0
793,2006,2.5,9.0
794,2005,2.2,8.7
795,2004,19.8,8.5
796,2003,19.5,8.4
797,2002,19.1,8.2
798,2001,18.7,8.0
799,2000,18.3,0.0
800,2015,18.6,5.0
801,2014,18.0,5.0
802,2013,17.5,5.0
803,2012,17.0,5.0
804,2011,16.5,5.0
805,2010,16.0,5.1
806,2009,15.5,5.2
807,2008,15.1,5.2
808,2007,14.7,5.3
809,2006,14.3,5.3
810,2005,13.9,5.4
811,2004,13.6,5.0
812,2003,13.3,4.7
813,2002,13.1,4.4
814,2001,12.8,4.3
815,2000,12.6,3.9
816,2015,59.9,16.5
817,2014,59.4,16.5
818,2013,59.0,16.5
819,2012,58.5,16.5
820,2011,58.0,16.4
821,2010,57.6,16.2
822,2009,57.1,16.1
823,2008,56.7,16.1
824,2007,56.3,16.1
825,2006,55.9,16.1
826,2005,55.5,15.9
827,2004,55.2,15.7
828,2003,54.9,15.6
829,2002,54.6,15.4
830,2001,54.3,15.0
831,2000,54.0,14.4
832,2015,32.3,11.4
833,2014,31.8,11.4
834,2013,31.2,11.4
835,2012,3.7,11.3
836,2011,3.2,11.2
837,2010,29.7,11.0
838,2009,29.3,10.8
839,2008,28.9,10.6
840,2007,28.5,10.5
841,2006,28.2,9.9
842,2005,27.8,9.7
843,2004,27.4,9.4
844,2003,27.1,9.1
845,2002,26.7,9.2
846,2001,26.3,9.3
847,2000,25.9,9.4
848,2015,17.6,8.4
849,2014,17.2,8.4
850,2013,16.8,8.4
851,2012,16.4,8.4
852,2011,16.0,8.2
853,2010,15.6,8.1
854,2009,15.3,8.1
855,2008,14.9,7.6
856,2007,14.5,7.1
857,2006,14.2,6.6
858,2005,13.8,5.8
859,2004,13.5,5.4
860,2003,13.2,5.2
861,2002,12.9,4.9
862,2001,12.6,4.3
863,2000,12.3,3.9
864,2015,69.4,11.7
865,2014,68.7,11.7
866,2013,68.1,11.7
867,2012,67.5,11.7
868,2011,67.0,11.7
869,2010,66.4,11.5
870,2009,65.8,11.4
871,2008,65.2,11.2
872,2007,64.7,11.0
873,2006,64.1,10.9
874,2005,63.6,10.7
875,2004,63.2,10.5
876,2003,62.8,10.4
877,2002,62.4,10.2
878,2001,62.0,10.1
879,2000,61.5,0.0
880,2015,62.7,15.3
881,2014,61.9,15.2
882,2013,61.1,15.0
883,2012,6.2,14.9
884,2011,59.5,14.7
885,2010,58.7,14.6
886,2009,58.0,14.5
887,2008,57.3,14.3
888,2007,56.6,14.2
889,2006,55.9,14.0
890,2005,55.1,13.9
891,2004,54.2,13.4
892,2003,53.2,13.3
893,2002,52.2,13.3
894,2001,51.2,13.2
895,2000,5.2,13.1
896,2015,62.1,17.0
897,2014,61.7,17.0
898,2013,61.4,17.0
899,2012,61.0,17.0
900,2011,6.6,16.9
901,2010,6.2,16.8
902,2009,59.8,17.0
903,2008,59.4,17.1
904,2007,59.0,17.2
905,2006,58.6,17.2
906,2005,58.1,17.1
907,2004,57.6,18.3
908,2003,57.1,18.1
909,2002,56.6,18.0
910,2001,56.1,17.7
911,2000,55.5,17.3
912,2015,62.5,16.3
913,2014,62.0,16.2
914,2013,61.6,16.2
915,2012,61.1,16.1
916,2011,6.6,16.1
917,2010,6.1,16.0
918,2009,59.6,16.0
919,2008,59.1,16.1
920,2007,58.6,16.1
921,2006,58.0,16.1
922,2005,57.5,15.5
923,2004,57.0,15.5
924,2003,56.4,15.4
925,2002,55.8,15.5
926,2001,55.2,15.6
927,2000,54.6,15.7
928,2015,36.3,12.6
929,2014,35.8,12.6
930,2013,35.2,12.5
931,2012,34.6,12.5
932,2011,34.1,12.5
933,2010,33.5,12.5
934,2009,33.0,12.4
935,2008,32.4,12.4
936,2007,31.9,12.4
937,2006,31.4,12.4
938,2005,3.8,12.4
939,2004,3.3,12.3
940,2003,29.8,12.3
941,2002,29.2,12.3
942,2001,28.7,12.3
943,2000,28.1,12.2
944,2015,27.3,8.9
945,2014,26.7,8.9
946,2013,26.0,8.9
947,2012,25.4,8.8
948,2011,24.8,8.7
949,2010,24.1,8.8
950,2009,23.5,8.9
951,2008,22.8,8.6
952,2007,22.2,8.4
953,2006,21.5,8.1
954,2005,2.9,7.8
955,2004,2.3,7.6
956,2003,19.7,7.3
957,2002,19.1,7.0
958,2001,18.5,6.8
959,2000,18.0,6.5
960,2015,56.2,13.9
961,2014,55.3,13.5
962,2013,54.4,13.5
963,2012,53.6,13.4
964,2011,52.8,13.3
965,2010,52.0,13.3
966,2009,51.3,12.8
967,2008,5.5,13.1
968,2007,49.9,12.5
969,2006,49.2,12.6
970,2005,48.6,12.2
971,2004,48.1,12.0
972,2003,47.5,11.8
973,2002,47.0,11.8
974,2001,46.5,11.7
975,2000,46.0,11.4
976,2015,62.3,17.1
977,2014,61.9,17.0
978,2013,61.4,16.9
979,2012,6.9,16.9
980,2011,6.4,16.8
981,2010,59.9,16.7
982,2009,59.5,16.7
983,2008,59.0,16.6
984,2007,58.5,16.6
985,2006,58.0,16.5
986,2005,57.6,16.4
987,2004,57.1,16.4
988,2003,56.6,16.3
989,2002,56.1,16.3
990,2001,55.6,16.2
991,2000,55.1,16.2
992,2015,28.6,11.4
993,2014,28.0,11.7
994,2013,27.3,11.5
995,2012,26.7,11.2
996,2011,26.1,10.9
997,2010,25.5,10.5
998,2009,24.9,10.4
999,2008,24.2,9.8
1000,2007,23.6,9.1
1001,2006,23.0,8.7
1002,2005,22.4,8.1
1003,2004,21.8,7.7
1004,2003,21.2,7.9
1005,2002,2.7,7.6
1006,2001,2.1,8.0
1007,2000,19.5,7.7
1008,2015,66.5,17.2
1009,2014,66.0,17.2
1010,2013,65.4,17.1
1011,2012,64.9,16.8
1012,2011,64.3,16.7
1013,2010,63.7,16.4
1014,2009,63.1,16.2
1015,2008,62.4,15.9
1016,2007,61.8,16.4
1017,2006,61.2,16.3
1018,2005,6.5,15.6
1019,2004,59.9,15.3
1020,2003,59.2,15.2
1021,2002,58.6,14.6
1022,2001,58.0,14.2
1023,2000,57.4,13.9
1024,2015,48.4,15.8
1025,2014,47.4,15.8
1026,2013,46.5,15.8
1027,2012,45.6,15.8
1028,2011,44.7,15.8
1029,2010,43.9,15.8
1030,2009,43.1,15.6
1031,2008,42.4,15.4
1032,2007,41.8,15.3
1033,2006,41.1,15.1
1034,2005,4.5,14.9
1035,2004,39.9,14.8
1036,2003,39.4,14.6
1037,2002,38.8,14.4
1038,2001,38.2,14.3
1039,2000,37.7,14.1
1040,2015,5.6,10.7
1041,2014,49.9,10.7
1042,2013,49.3,10.7
1043,2012,48.6,10.6
1044,2011,47.9,10.5
1045,2010,47.2,10.5
1046,2009,46.5,10.4
1047,2008,45.9,10.4
1048,2007,45.2,10.1
1049,2006,44.5,9.8
1050,2005,43.8,9.6
1051,2004,43.1,9.3
1052,2003,42.4,9.0
1053,2002,41.7,8.8
1054,2001,41.1,8.5
1055,2000,4.4,8.2
1056,2015,23.3,8.8
1057,2014,22.7,8.6
1058,2013,22.2,8.5
1059,2012,21.7,8.5
1060,2011,21.2,8.4
1061,2010,2.8,8.3
1062,2009,2.3,8.1
1063,2008,19.8,7.9
1064,2007,19.4,7.6
1065,2006,19.0,7.1
1066,2005,18.5,6.6
1067,2004,18.1,5.1
1068,2003,17.7,5.9
1069,2002,17.3,5.5
1070,2001,16.9,5.1
1071,2000,16.6,4.8
1072,2015,26.3,9.2
1073,2014,25.6,9.2
1074,2013,25.0,9.1
1075,2012,24.3,9.1
1076,2011,23.7,9.0
1077,2010,23.1,8.9
1078,2009,22.5,8.9
1079,2008,21.9,8.8
1080,2007,21.3,8.8
1081,2006,2.7,8.3
1082,2005,2.1,8.0
1083,2004,19.6,7.7
1084,2003,19.0,7.4
1085,2002,18.5,7.1
1086,2001,17.9,6.7
1087,2000,17.4,6.4
1088,2015,46.7,10.3
1089,2014,45.9,10.3
1090,2013,45.0,10.3
1091,2012,44.1,10.6
1092,2011,43.2,10.3
1093,2010,42.4,10.2
1094,2009,41.6,10.5
1095,2008,4.9,10.7
1096,2007,4.3,11.2
1097,2006,39.6,11.7
1098,2005,39.0,11.4
1099,2004,38.4,11.2
1100,2003,37.8,11.1
1101,2002,37.1,11.0
1102,2001,36.4,10.9
1103,2000,35.7,10.9
1104,2015,49.9,9.1
1105,2014,48.8,9.1
1106,2013,47.7,9.1
1107,2012,46.5,8.9
1108,2011,45.3,8.7
1109,2010,44.2,8.6
1110,2009,43.0,8.5
1111,2008,41.8,8.4
1112,2007,4.7,8.4
1113,2006,39.6,8.3
1114,2005,38.5,8.2
1115,2004,37.5,8.1
1116,2003,36.5,8.1
1117,2002,35.6,8.0
1118,2001,34.8,7.9
1119,2000,34.0,7.8
1120,2015,51.0,11.2
1121,2014,5.2,11.4
1122,2013,49.3,11.6
1123,2012,48.4,11.6
1124,2011,47.6,11.7
1125,2010,46.8,11.5
1126,2009,45.9,11.3
1127,2008,45.1,11.1
1128,2007,44.3,10.9
1129,2006,43.5,10.8
1130,2005,42.8,10.6
1131,2004,42.0,10.4
1132,2003,41.2,10.3
1133,2002,4.4,10.1
1134,2001,39.6,9.9
1135,2000,38.8,9.8
1136,2015,64.8,15.6
1137,2014,64.2,15.8
1138,2013,63.6,15.4
1139,2012,63.0,15.4
1140,2011,62.4,15.4
1141,2010,61.7,15.3
1142,2009,61.1,15.3
1143,2008,6.5,15.3
1144,2007,59.9,15.3
1145,2006,59.3,15.2
1146,2005,58.8,15.0
1147,2004,58.2,15.3
1148,2003,57.6,14.9
1149,2002,57.1,14.6
1150,2001,56.6,14.2
1151,2000,56.1,13.9
1152,2015,61.0,19.0
1153,2014,6.6,19.0
1154,2013,6.2,19.0
1155,2012,59.7,18.7
1156,2011,59.3,18.6
1157,2010,58.9,18.4
1158,2009,58.5,18.4
1159,2008,58.1,18.2
1160,2007,57.8,18.2
1161,2006,57.4,18.1
1162,2005,56.9,17.9
1163,2004,56.5,18.3
1164,2003,55.9,17.6
1165,2002,55.4,17.2
1166,2001,54.8,17.1
1167,2000,54.2,16.8
1168,2015,18.7,11.6
1169,2014,18.1,11.6
1170,2013,17.5,11.5
1171,2012,17.0,11.3
1172,2011,16.4,10.8
1173,2010,15.9,10.4
1174,2009,15.4,10.5
1175,2008,14.9,10.2
1176,2007,14.4,9.9
1177,2006,13.9,9.7
1178,2005,13.5,9.4
1179,2004,13.0,9.2
1180,2003,12.6,8.6
1181,2002,12.2,8.4
1182,2001,11.8,8.3
1183,2000,11.4,8.3
1184,2015,27.4,12.9
1185,2014,26.5,12.9
1186,2013,25.6,12.9
1187,2012,24.7,12.6
1188,2011,23.8,12.3
1189,2010,22.9,12.1
1190,2009,22.1,11.7
1191,2008,21.3,11.7
1192,2007,2.5,11.0
1193,2006,19.7,10.9
1194,2005,19.0,11.1
1195,2004,18.2,11.0
1196,2003,17.5,10.8
1197,2002,16.7,10.6
1198,2001,16.0,10.6
1199,2000,15.4,10.7
1200,2015,59.7,14.8
1201,2014,58.5,14.9
1202,2013,57.2,15.0
1203,2012,56.0,13.6
1204,2011,54.8,13.1
1205,2010,53.6,12.9
1206,2009,52.5,12.8
1207,2008,51.4,12.1
1208,2007,5.4,11.8
1209,2006,49.4,11.4
1210,2005,48.5,11.4
1211,2004,47.6,11.8
1212,2003,46.9,11.8
1213,2002,46.2,11.9
1214,2001,45.5,11.6
1215,2000,44.9,11.6
1216,2015,59.1,10.1
1217,2014,58.5,10.1
1218,2013,57.8,10.3
1219,2012,57.2,10.5
1220,2011,56.5,10.4
1221,2010,55.8,10.4
1222,2009,55.2,10.3
1223,2008,54.5,10.3
1224,2007,53.8,10.2
1225,2006,53.2,10.2
1226,2005,52.5,10.1
1227,2004,51.9,9.8
1228,2003,51.3,9.4
1229,2002,5.6,9.1
1230,2001,5.1,8.7
1231,2000,49.5,8.6
1232,2015,62.8,18.6
1233,2014,62.1,18.6
1234,2013,61.3,18.6
1235,2012,6.5,18.5
1236,2011,59.7,18.5
1237,2010,58.9,18.2
1238,2009,58.2,17.9
1239,2008,57.4,17.9
1240,2007,56.6,17.6
1241,2006,55.8,17.6
1242,2005,55.1,17.5
1243,2004,54.4,17.1
1244,2003,53.6,16.8
1245,2002,52.9,16.5
1246,2001,52.2,16.4
1247,2000,51.5,16.2
1248,2015,64.9,16.0
1249,2014,64.6,16.0
1250,2013,64.2,15.9
1251,2012,63.8,15.9
1252,2011,63.4,15.8
1253,2010,63.0,15.7
1254,2009,62.6,15.6
1255,2008,62.1,15.8
1256,2007,61.6,15.7
1257,2006,61.1,15.7
1258,2005,6.6,15.8
1259,2004,6.1,15.9
1260,2003,59.6,16.0
1261,2002,59.2,15.3
1262,2001,58.7,15.1
1263,2000,58.3,15.2
1264,2015,63.6,16.3
1265,2014,63.1,16.3
1266,2013,62.6,16.5
1267,2012,62.1,16.6
1268,2011,61.5,16.4
1269,2010,61.0,16.4
1270,2009,6.5,16.3
1271,2008,59.9,16.3
1272,2007,59.4,16.1
1273,2006,58.8,16.0
1274,2005,58.2,15.8
1275,2004,57.6,15.6
1276,2003,57.0,15.4
1277,2002,56.4,15.2
1278,2001,55.7,14.9
1279,2000,55.0,14.8
1280,2015,28.0,
1281,2014,27.4,
1282,2013,26.8,
1283,2012,26.2,
1284,2011,25.6,
1285,2010,25.0,
1286,2009,24.4,
1287,2008,23.8,
1288,2007,23.2,
1289,2006,22.6,
1290,2005,22.1,
1291,2004,21.5,
1292,2003,2.9,
1293,2002,2.4,
1294,2001,19.9,
1295,2000,19.4,
1296,2015,54.2,12.8
1297,2014,53.5,12.8
1298,2013,52.7,12.8
1299,2012,52.0,12.8
1300,2011,51.2,12.8
1301,2010,5.5,12.7
1302,2009,49.7,12.7
1303,2008,48.9,12.6
1304,2007,48.1,12.5
1305,2006,47.2,12.5
1306,2005,46.3,12.4
1307,2004,45.4,11.1
1308,2003,44.5,11.9
1309,2002,43.5,11.7
1310,2001,42.5,10.9
1311,2000,41.6,11.4
1312,2015,29.0,15.3
1313,2014,28.6,15.3
1314,2013,28.2,15.3
1315,2012,27.8,15.3
1316,2011,27.4,15.1
1317,2010,26.9,15.1
1318,2009,26.4,15.0
1319,2008,25.9,15.0
1320,2007,25.4,15.0
1321,2006,24.9,14.9
1322,2005,24.4,14.9
1323,2004,23.8,14.8
1324,2003,23.4,14.8
1325,2002,22.9,14.7
1326,2001,22.5,14.6
1327,2000,22.2,14.5
1328,2015,65.6,13.1
1329,2014,64.8,13.1
1330,2013,64.0,13.1
1331,2012,63.2,12.9
1332,2011,62.4,13.1
1333,2010,61.7,13.2
1334,2009,6.9,13.6
1335,2008,6.1,13.6
1336,2007,59.3,13.6
1337,2006,58.6,13.7
1338,2005,57.8,13.8
1339,2004,57.0,13.5
1340,2003,56.3,13.2
1341,2002,55.5,13.0
1342,2001,54.8,12.7
1343,2000,54.0,12.6
1344,2015,53.1,15.0
1345,2014,52.3,15.0
1346,2013,51.4,15.0
1347,2012,5.6,14.7
1348,2011,49.9,14.4
1349,2010,49.2,14.5
1350,2009,48.5,14.6
1351,2008,47.9,14.6
1352,2007,47.3,14.7
1353,2006,46.8,14.3
1354,2005,46.3,13.9
1355,2004,45.8,13.5
1356,2003,45.3,13.1
1357,2002,44.8,12.7
1358,2001,44.4,12.3
1359,2000,43.9,12.1
1360,2015,22.0,11.1
1361,2014,21.3,11.1
1362,2013,2.7,11.1
1363,2012,2.1,11.1
1364,2011,19.5,11.1
1365,2010,18.9,11.1
1366,2009,18.4,10.7
1367,2008,17.9,10.4
1368,2007,17.3,10.1
1369,2006,16.9,9.7
1370,2005,16.4,9.6
1371,2004,15.9,8.9
1372,2003,15.5,8.2
1373,2002,15.1,8.5
1374,2001,14.7,8.4
1375,2000,14.4,8.4
1376,2015,77.6,11.9
1377,2014,77.1,11.9
1378,2013,76.7,11.9
1379,2012,76.2,11.9
1380,2011,75.7,11.9
1381,2010,75.2,11.9
1382,2009,74.6,11.9
1383,2008,74.1,11.6
1384,2007,73.4,11.8
1385,2006,72.8,12.1
1386,2005,72.1,12.2
1387,2004,71.4,12.4
1388,2003,7.6,11.6
1389,2002,69.7,11.7
1390,2001,68.8,10.4
1391,2000,67.9,10.0
1392,2015,71.4,13.3
1393,2014,7.8,13.0
1394,2013,7.2,13.1
1395,2012,69.5,13.2
1396,2011,69.0,13.4
1397,2010,68.4,13.5
1398,2009,67.9,13.6
1399,2008,67.5,13.8
1400,2007,67.1,13.9
1401,2006,66.7,14.1
1402,2005,66.3,14.2
1403,2004,65.9,14.4
1404,2003,65.5,14.1
1405,2002,65.0,13.9
1406,2001,64.5,14.0
1407,2000,64.0,14.1
1408,2015,44.9,13.0
1409,2014,43.9,12.8
1410,2013,43.0,12.5
1411,2012,42.2,12.3
1412,2011,41.4,12.1
1413,2010,4.7,12.2
1414,2009,4.1,12.4
1415,2008,39.5,12.6
1416,2007,39.0,12.6
1417,2006,38.5,12.5
1418,2005,38.0,12.4
1419,2004,37.5,12.5
1420,2003,37.0,12.2
1421,2002,36.5,12.1
1422,2001,36.0,11.8
1423,2000,35.6,11.4
1424,2015,21.7,10.8
1425,2014,2.9,10.6
1426,2013,2.1,10.4
1427,2012,19.4,10.2
1428,2011,18.7,9.9
1429,2010,18.0,9.6
1430,2009,17.3,9.4
1431,2008,16.7,9.2
1432,2007,16.1,9.0
1433,2006,15.5,9.0
1434,2005,14.9,8.7
1435,2004,14.4,8.6
1436,2003,13.8,8.3
1437,2002,13.3,8.0
1438,2001,12.7,8.0
1439,2000,12.3,8.0
1440,2015,61.2,16.0
1441,2014,6.7,16.0
1442,2013,6.2,15.4
1443,2012,59.8,15.5
1444,2011,59.4,15.8
1445,2010,58.9,16.0
1446,2009,58.5,16.4
1447,2008,58.1,16.3
1448,2007,57.7,16.2
1449,2006,57.4,16.2
1450,2005,57.0,15.9
1451,2004,56.6,15.5
1452,2003,56.3,15.2
1453,2002,56.0,14.8
1454,2001,55.7,14.2
1455,2000,55.4,13.7
1456,2015,66.1,13.3
1457,2014,65.4,13.3
1458,2013,64.9,13.3
1459,2012,64.4,13.3
1460,2011,64.0,13.2
1461,2010,63.5,13.3
1462,2009,63.0,13.2
1463,2008,62.5,13.1
1464,2007,61.9,12.9
1465,2006,61.4,13.2
1466,2005,6.8,13.7
1467,2004,6.2,14.2
1468,2003,59.7,14.8
1469,2002,59.1,15.2
1470,2001,58.6,15.0
1471,2000,57.9,14.9
1472,2015,32.6,10.7
1473,2014,32.0,10.8
1474,2013,31.4,11.1
1475,2012,3.8,11.0
1476,2011,3.2,11.0
1477,2010,29.7,10.9
1478,2009,29.2,10.8
1479,2008,28.8,10.7
1480,2007,28.3,10.6
1481,2006,27.9,10.7
1482,2005,27.4,10.7
1483,2004,26.9,10.7
1484,2003,26.4,10.5
1485,2002,25.9,10.4
1486,2001,25.4,10.3
1487,2000,24.9,9.6
1488,2015,27.3,9.9
1489,2014,26.7,9.9
1490,2013,26.1,9.8
1491,2012,25.6,9.6
1492,2011,25.0,9.5
1493,2010,24.5,9.6
1494,2009,24.0,9.7
1495,2008,23.4,9.8
1496,2007,22.9,9.9
1497,2006,22.4,10.0
1498,2005,22.0,10.1
1499,2004,21.5,10.2
1500,2003,21.1,10.3
1501,2002,2.7,10.4
1502,2001,2.4,10.5
1503,2000,2.2,8.7
1504,2015,64.8,13.4
1505,2014,63.8,13.4
1506,2013,62.8,13.4
1507,2012,61.8,13.7
1508,2011,6.9,14.0
1509,2010,59.9,14.3
1510,2009,59.0,14.6
1511,2008,58.2,14.8
1512,2007,57.4,15.1
1513,2006,56.7,15.4
1514,2005,56.0,15.7
1515,2004,55.3,15.9
1516,2003,54.6,16.0
1517,2002,54.0,15.8
1518,2001,53.4,15.7
1519,2000,52.8,15.5
1520,2015,62.4,16.5
1521,2014,61.9,16.5
1522,2013,61.4,16.4
1523,2012,6.9,16.5
1524,2011,6.5,16.7
1525,2010,6.0,16.8
1526,2009,59.7,16.6
1527,2008,59.3,16.5
1528,2007,59.0,16.4
1529,2006,58.7,16.4
1530,2005,58.4,16.2
1531,2004,58.1,16.3
1532,2003,57.8,15.8
1533,2002,57.5,15.3
1534,2001,57.2,14.7
1535,2000,56.9,14.0
1536,2015,61.3,13.9
1537,2014,6.9,13.9
1538,2013,6.5,13.9
1539,2012,6.1,13.9
1540,2011,59.6,13.9
1541,2010,59.2,13.7
1542,2009,58.8,13.5
1543,2008,58.4,13.5
1544,2007,57.9,13.5
1545,2006,57.5,13.5
1546,2005,57.0,13.5
1547,2004,56.4,13.5
1548,2003,55.8,13.6
1549,2002,55.2,13.5
1550,2001,54.6,13.4
1551,2000,54.0,13.5
1552,2015,2.5,10.3
1553,2014,2.0,10.3
1554,2013,19.5,10.3
1555,2012,19.0,10.2
1556,2011,18.5,10.2
1557,2010,18.0,10.2
1558,2009,17.6,9.7
1559,2008,17.1,9.4
1560,2007,16.7,9.1
1561,2006,16.3,9.0
1562,2005,15.8,8.9
1563,2004,15.4,8.7
1564,2003,15.0,8.5
1565,2002,14.7,8.3
1566,2001,14.3,8.2
1567,2000,13.9,8.0
1568,2015,19.6,10.8
1569,2014,19.2,10.7
1570,2013,18.8,10.7
1571,2012,18.4,10.7
1572,2011,18.0,10.6
1573,2010,17.6,10.2
1574,2009,17.3,9.9
1575,2008,16.9,9.6
1576,2007,16.6,9.7
1577,2006,16.2,9.6
1578,2005,15.9,9.7
1579,2004,15.5,10.0
1580,2003,15.2,10.3
1581,2002,14.8,10.4
1582,2001,14.4,10.1
1583,2000,14.1,10.7
1584,2015,4.6,13.1
1585,2014,39.5,13.0
1586,2013,38.5,12.9
1587,2012,37.4,12.9
1588,2011,36.3,13.0
1589,2010,35.3,12.8
1590,2009,34.4,12.6
1591,2008,33.4,12.5
1592,2007,32.5,12.3
1593,2006,31.6,12.7
1594,2005,3.7,12.9
1595,2004,29.8,12.7
1596,2003,28.8,12.1
1597,2002,27.9,12.0
1598,2001,27.0,11.9
1599,2000,26.0,11.6
1600,2015,27.4,12.7
1601,2014,26.2,12.7
1602,2013,25.1,12.4
1603,2012,24.1,12.1
1604,2011,23.1,11.8
1605,2010,22.1,11.6
1606,2009,21.2,11.8
1607,2008,2.3,11.8
1608,2007,19.5,11.9
1609,2006,18.7,12.0
1610,2005,18.0,12.1
1611,2004,17.3,12.2
1612,2003,16.7,11.8
1613,2002,16.2,12.0
1614,2001,15.6,11.8
1615,2000,15.2,11.3
1616,2015,23.8,8.4
1617,2014,23.2,8.2
1618,2013,22.5,8.0
1619,2012,21.9,7.7
1620,2011,21.3,7.5
1621,2010,2.7,7.3
1622,2009,2.2,7.1
1623,2008,19.6,5.8
1624,2007,19.0,6.4
1625,2006,18.5,6.1
1626,2005,18.0,5.8
1627,2004,17.5,5.5
1628,2003,17.0,5.2
1629,2002,16.5,4.9
1630,2001,16.1,4.6
1631,2000,15.6,4.4
1632,2015,69.6,14.6
1633,2014,69.2,14.3
1634,2013,68.8,14.2
1635,2012,68.4,14.1
1636,2011,68.0,14.8
1637,2010,67.6,14.6
1638,2009,67.1,14.4
1639,2008,66.6,14.6
1640,2007,66.1,14.4
1641,2006,65.6,14.8
1642,2005,65.0,14.8
1643,2004,64.5,14.2
1644,2003,63.9,13.8
1645,2002,63.4,13.8
1646,2001,62.8,13.7
1647,2000,62.3,13.8
1648,2015,3.8,8.5
1649,2014,3.1,8.5
1650,2013,29.4,8.2
1651,2012,28.8,7.8
1652,2011,28.1,7.7
1653,2010,27.4,7.6
1654,2009,26.8,7.1
1655,2008,26.1,7.2
1656,2007,25.5,7.4
1657,2006,24.8,7.2
1658,2005,24.2,7.2
1659,2004,23.6,6.7
1660,2003,22.9,6.6
1661,2002,22.3,6.5
1662,2001,21.7,6.5
1663,2000,21.1,6.4
1664,2015,33.3,15.2
1665,2014,32.8,14.7
1666,2013,32.3,14.7
1667,2012,31.8,14.3
1668,2011,31.3,14.1
1669,2010,3.7,14.0
1670,2009,3.2,13.8
1671,2008,29.7,13.6
1672,2007,29.1,13.5
1673,2006,28.6,13.4
1674,2005,28.0,13.0
1675,2004,27.5,12.8
1676,2003,26.9,12.6
1677,2002,26.4,12.5
1678,2001,25.8,12.2
1679,2000,25.3,12.1
1680,2015,63.5,13.3
1681,2014,62.8,13.1
1682,2013,62.1,12.9
1683,2012,61.5,12.7
1684,2011,6.8,12.6
1685,2010,6.1,12.5
1686,2009,59.4,12.5
1687,2008,58.7,12.3
1688,2007,57.9,12.3
1689,2006,57.2,12.2
1690,2005,56.4,12.2
1691,2004,55.7,12.1
1692,2003,54.9,11.9
1693,2002,54.1,11.6
1694,2001,53.2,11.6
1695,2000,52.4,11.4
1696,2015,53.4,
1697,2014,52.7,
1698,2013,52.1,
1699,2012,51.5,
1700,2011,5.9,
1701,2010,5.4,
1702,2009,49.9,
1703,2008,49.5,
1704,2007,49.1,
1705,2006,48.7,
1706,2005,48.3,
1707,2004,47.9,
1708,2003,47.6,
1709,2002,47.2,
1710,2001,46.8,
1711,2000,46.5,
1712,2015,52.7,14.8
1713,2014,51.5,14.8
1714,2013,5.4,14.7
1715,2012,49.2,14.7
1716,2011,48.0,14.6
1717,2010,46.9,14.3
1718,2009,45.9,13.8
1719,2008,44.9,13.4
1720,2007,43.9,13.0
1721,2006,43.0,12.7
1722,2005,42.1,11.8
1723,2004,41.3,11.2
1724,2003,4.5,10.5
1725,2002,39.8,10.1
1726,2001,39.1,9.4
1727,2000,38.5,8.9
1728,2015,61.8,15.1
1729,2014,61.3,15.1
1730,2013,6.7,15.1
1731,2012,6.2,15.1
1732,2011,59.7,15.1
1733,2010,59.1,15.0
1734,2009,58.5,14.6
1735,2008,57.8,14.2
1736,2007,57.2,13.6
1737,2006,56.5,13.2
1738,2005,55.7,12.8
1739,2004,55.0,12.6
1740,2003,54.2,0.0
1741,2002,53.5,0.0
1742,2001,52.7,0.0
1743,2000,51.9,0.0
1744,2015,58.5,12.1
1745,2014,57.5,12.1
1746,2013,56.5,12.1
1747,2012,55.5,11.6
1748,2011,54.6,11.2
1749,2010,53.6,10.7
1750,2009,52.7,10.5
1751,2008,51.7,10.3
1752,2007,5.8,10.0
1753,2006,49.9,10.0
1754,2005,49.1,9.8
1755,2004,48.2,9.6
1756,2003,47.3,9.3
1757,2002,46.5,8.8
1758,2001,45.7,8.5
1759,2000,44.8,8.0
1760,2015,22.6,9.1
1761,2014,22.2,9.1
1762,2013,21.8,9.1
1763,2012,21.3,9.2
1764,2011,2.9,9.5
1765,2010,2.5,9.3
1766,2009,2.1,9.2
1767,2008,19.7,8.8
1768,2007,19.3,8.2
1769,2006,18.9,7.9
1770,2005,18.5,7.3
1771,2004,18.1,7.0
1772,2003,17.7,6.7
1773,2002,17.3,6.2
1774,2001,16.9,5.8
1775,2000,16.5,5.4
1776,2015,23.8,9.1
1777,2014,22.9,9.1
1778,2013,22.1,9.1
1779,2012,21.3,9.1
1780,2011,2.5,9.1
1781,2010,19.8,8.8
1782,2009,19.1,8.5
1783,2008,18.3,8.2
1784,2007,17.6,8.1
1785,2006,17.0,8.0
1786,2005,16.4,7.9
1787,2004,15.7,7.8
1788,2003,15.2,7.7
1789,2002,14.6,7.6
1790,2001,14.1,7.6
1791,2000,13.6,7.5
1792,2015,35.7,11.7
1793,2014,34.9,11.7
1794,2013,34.1,11.6
1795,2012,33.3,11.5
1796,2011,32.5,11.5
1797,2010,31.8,11.4
1798,2009,31.0,11.4
1799,2008,3.2,11.3
1800,2007,29.4,11.3
1801,2006,28.7,11.4
1802,2005,27.9,11.6
1803,2004,27.2,11.7
1804,2003,26.5,11.7
1805,2002,25.8,11.8
1806,2001,25.1,11.7
1807,2000,24.5,11.5
1808,2015,19.1,12.2
1809,2014,18.5,12.4
1810,2013,18.0,12.3
1811,2012,17.4,12.3
1812,2011,16.9,12.0
1813,2010,16.4,11.1
1814,2009,15.9,10.5
1815,2008,15.4,10.1
1816,2007,14.9,10.0
1817,2006,14.4,9.6
1818,2005,13.9,9.4
1819,2004,13.4,9.3
1820,2003,12.9,9.2
1821,2002,12.4,8.6
1822,2001,11.9,9.0
1823,2000,11.4,8.9
1824,2015,62.1,18.1
1825,2014,61.6,18.1
1826,2013,61.0,18.1
1827,2012,6.5,18.1
1828,2011,59.9,17.2
1829,2010,59.3,17.0
1830,2009,58.6,16.9
1831,2008,57.9,16.8
1832,2007,57.3,16.6
1833,2006,56.5,16.5
1834,2005,55.8,16.4
1835,2004,55.0,16.5
1836,2003,54.2,16.5
1837,2002,53.4,16.9
1838,2001,52.6,16.7
1839,2000,51.8,16.5
1840,2015,67.5,19.2
1841,2014,66.9,19.2
1842,2013,66.4,19.3
1843,2012,65.9,19.5
1844,2011,65.3,19.7
1845,2010,64.8,20.3
1846,2009,64.3,19.3
1847,2008,63.8,19.5
1848,2007,63.2,19.2
1849,2006,62.6,19.1
1850,2005,62.1,18.9
1851,2004,61.5,18.4
1852,2003,6.9,18.2
1853,2002,6.3,17.5
1854,2001,59.6,17.4
1855,2000,58.9,17.2
1856,2015,54.0,11.7
1857,2014,53.2,11.6
1858,2013,52.4,11.5
1859,2012,51.7,11.5
1860,2011,5.9,11.5
1861,2010,5.2,11.4
1862,2009,49.4,11.3
1863,2008,48.6,11.1
1864,2007,47.9,11.0
1865,2006,47.1,11.0
1866,2005,46.4,11.0
1867,2004,45.7,11.0
1868,2003,44.9,11.0
1869,2002,44.2,10.7
1870,2001,43.5,10.4
1871,2000,42.8,10.1
1872,2015,19.3,5.4
1873,2014,18.9,5.3
1874,2013,18.5,5.3
1875,2012,18.1,5.1
1876,2011,17.7,4.8
1877,2010,17.3,4.5
1878,2009,16.9,4.2
1879,2008,16.5,4.0
1880,2007,16.1,3.8
1881,2006,15.7,3.7
1882,2005,15.4,3.5
1883,2004,15.0,3.1
1884,2003,14.6,3.0
1885,2002,14.3,2.9
1886,2001,13.9,2.9
1887,2000,13.6,2.8
1888,2015,25.4,10.0
1889,2014,24.7,10.0
1890,2013,24.1,9.8
1891,2012,23.5,9.7
1892,2011,22.8,9.6
1893,2010,22.2,9.5
1894,2009,21.6,9.3
1895,2008,21.0,9.2
1896,2007,2.4,9.1
1897,2006,19.9,9.0
1898,2005,19.3,8.9
1899,2004,18.8,8.5
1900,2003,18.3,8.1
1901,2002,17.8,7.7
1902,2001,17.3,8.0
1903,2000,16.9,7.6
1904,2015,32.9,
1905,2014,32.4,
1906,2013,31.8,
1907,2012,31.3,
1908,2011,3.8,
1909,2010,3.3,
1910,2009,29.7,
1911,2008,29.2,
1912,2007,28.7,
1913,2006,28.2,
1914,2005,27.7,
1915,2004,27.2,
1916,2003,26.7,
1917,2002,26.2,
1918,2001,25.7,
1919,2000,25.2,
1920,2015,6.3,12.9
1921,2014,59.7,12.9
1922,2013,59.1,12.9
1923,2012,58.5,12.9
1924,2011,57.9,12.9
1925,2010,57.4,13.0
1926,2009,56.9,13.0
1927,2008,56.4,12.2
1928,2007,55.9,12.2
1929,2006,55.4,12.1
1930,2005,54.9,11.9
1931,2004,54.5,11.9
1932,2003,54.1,11.9
1933,2002,53.6,11.9
1934,2001,53.2,11.8
1935,2000,52.7,11.7
1936,2015,61.2,17.7
1937,2014,6.8,17.7
1938,2013,6.3,17.5
1939,2012,59.8,17.6
1940,2011,59.4,17.6
1941,2010,58.9,17.4
1942,2009,58.5,17.4
1943,2008,58.0,17.6
1944,2007,57.5,17.6
1945,2006,57.0,17.5
1946,2005,56.5,17.6
1947,2004,55.9,17.5
1948,2003,55.3,17.1
1949,2002,54.6,17.1
1950,2001,54.0,17.5
1951,2000,53.3,17.1
1952,2015,54.6,13.7
1953,2014,53.5,13.7
1954,2013,52.8,13.7
1955,2012,52.3,13.7
1956,2011,52.0,13.6
1957,2010,51.8,13.5
1958,2009,51.5,12.4
1959,2008,51.1,11.9
1960,2007,5.6,11.5
1961,2006,5.1,11.6
1962,2005,49.5,11.5
1963,2004,48.9,11.5
1964,2003,48.1,11.2
1965,2002,47.3,11.0
1966,2001,46.5,10.7
1967,2000,45.9,10.4
1968,2015,25.4,8.1
1969,2014,24.7,7.8
1970,2013,23.9,7.7
1971,2012,23.2,7.6
1972,2011,22.5,7.5
1973,2010,21.9,7.5
1974,2009,21.3,7.3
1975,2008,2.6,7.3
1976,2007,2.1,6.7
1977,2006,19.5,6.5
1978,2005,18.9,6.1
1979,2004,18.4,5.6
1980,2003,17.9,5.6
1981,2002,17.4,5.5
1982,2001,16.9,5.4
1983,2000,16.4,5.3
1984,2015,57.8,13.0
1985,2014,57.1,13.0
1986,2013,56.3,12.9
1987,2012,55.6,12.8
1988,2011,54.9,12.9
1989,2010,54.2,12.8
1990,2009,53.4,12.8
1991,2008,52.7,12.8
1992,2007,51.9,12.9
1993,2006,51.1,12.9
1994,2005,5.3,12.9
1995,2004,49.5,12.8
1996,2003,48.6,12.8
1997,2002,47.8,12.6
1998,2001,46.9,12.4
1999,2000,45.9,12.1
2000,2015,48.6,10.0
2001,2014,47.9,10.0
2002,2013,47.2,10.0
2003,2012,46.4,9.9
2004,2011,45.7,9.9
2005,2010,44.9,9.6
2006,2009,44.2,9.2
2007,2008,43.4,8.9
2008,2007,42.7,8.6
2009,2006,41.9,8.2
2010,2005,41.1,7.9
2011,2004,4.4,7.6
2012,2003,39.6,7.2
2013,2002,38.9,6.9
2014,2001,38.2,6.6
2015,2000,37.5,6.2
2016,2015,5.2,12.3
2017,2014,49.4,12.3
2018,2013,48.6,12.3
2019,2012,47.9,12.3
2020,2011,47.1,12.3
2021,2010,46.4,12.4
2022,2009,45.6,12.1
2023,2008,44.9,11.9
2024,2007,44.2,12.0
2025,2006,43.5,12.1
2026,2005,42.8,12.3
2027,2004,42.0,12.1
2028,2003,41.3,12.7
2029,2002,4.6,12.2
2030,2001,39.8,11.8
2031,2000,39.1,11.6
2032,2015,55.6,13.4
2033,2014,54.9,13.4
2034,2013,54.2,13.4
2035,2012,53.6,13.4
2036,2011,52.9,13.4
2037,2010,52.2,13.3
2038,2009,51.5,13.3
2039,2008,5.8,13.2
2040,2007,5.2,13.2
2041,2006,49.5,13.0
2042,2005,48.8,13.0
2043,2004,48.1,12.8
2044,2003,47.4,13.3
2045,2002,46.7,13.9
2046,2001,46.1,13.4
2047,2000,45.4,13.5
2048,2015,25.4,11.7
2049,2014,24.8,11.7
2050,2013,24.3,11.7
2051,2012,23.7,11.6
2052,2011,23.1,11.5
2053,2010,22.6,11.4
2054,2009,22.1,11.7
2055,2008,21.6,11.5
2056,2007,21.1,11.4
2057,2006,2.6,11.5
2058,2005,2.1,11.6
2059,2004,19.6,11.6
2060,2003,19.2,11.6
2061,2002,18.7,11.4
2062,2001,18.3,11.4
2063,2000,17.8,11.4
2064,2015,61.7,16.4
2065,2014,61.1,16.4
2066,2013,6.4,15.4
2067,2012,59.7,15.3
2068,2011,59.1,15.4
2069,2010,58.4,15.1
2070,2009,57.8,15.1
2071,2008,57.2,15.0
2072,2007,56.6,15.0
2073,2006,56.0,15.0
2074,2005,55.5,14.8
2075,2004,55.0,15.5
2076,2003,54.5,15.3
2077,2002,54.0,15.0
2078,2001,53.6,14.7
2079,2000,53.1,14.6
2080,2015,61.6,16.6
2081,2014,6.9,16.8
2082,2013,6.2,16.3
2083,2012,59.5,16.3
2084,2011,58.8,16.2
2085,2010,58.1,16.0
2086,2009,57.3,16.0
2087,2008,56.5,15.8
2088,2007,55.7,15.4
2089,2006,54.9,15.4
2090,2005,54.1,15.4
2091,2004,53.3,15.9
2092,2003,52.5,15.8
2093,2002,51.7,15.9
2094,2001,5.9,15.7
2095,2000,5.1,15.5
2096,2015,69.3,13.4
2097,2014,68.4,13.4
2098,2013,67.7,13.4
2099,2012,67.0,13.4
2100,2011,66.5,12.4
2101,2010,66.0,12.0
2102,2009,65.6,11.8
2103,2008,65.2,11.7
2104,2007,65.1,12.6
2105,2006,65.0,13.7
2106,2005,65.1,13.7
2107,2004,65.0,13.5
2108,2003,64.7,12.8
2109,2002,64.1,12.2
2110,2001,63.3,12.6
2111,2000,62.4,13.0
2112,2015,6.0,14.4
2113,2014,59.4,14.3
2114,2013,58.9,14.1
2115,2012,58.3,14.0
2116,2011,57.7,13.5
2117,2010,57.0,13.6
2118,2009,56.4,13.6
2119,2008,55.8,13.5
2120,2007,55.1,13.5
2121,2006,54.5,13.4
2122,2005,53.9,13.2
2123,2004,53.3,13.1
2124,2003,52.8,13.0
2125,2002,52.2,13.2
2126,2001,51.7,13.1
2127,2000,51.2,13.0
2128,2015,27.4,11.1
2129,2014,26.8,11.1
2130,2013,26.2,11.1
2131,2012,25.6,10.2
2132,2011,25.0,10.7
2133,2010,24.5,10.5
2134,2009,23.9,10.3
2135,2008,23.3,10.0
2136,2007,22.8,9.8
2137,2006,22.3,9.6
2138,2005,21.7,9.4
2139,2004,21.2,9.2
2140,2003,2.7,9.4
2141,2002,2.3,9.5
2142,2001,19.8,9.7
2143,2000,19.3,9.8
2144,2015,6.7,14.7
2145,2014,59.9,14.7
2146,2013,59.2,14.7
2147,2012,58.4,15.3
2148,2011,57.7,15.7
2149,2010,56.9,15.8
2150,2009,56.3,15.4
2151,2008,55.6,14.7
2152,2007,55.0,14.1
2153,2006,54.4,13.7
2154,2005,53.9,13.4
2155,2004,53.4,12.9
2156,2003,52.9,12.5
2157,2002,52.4,12.0
2158,2001,51.9,11.7
2159,2000,51.4,11.5
2160,2015,6.5,15.0
2161,2014,59.9,14.9
2162,2013,59.3,14.6
2163,2012,58.7,14.3
2164,2011,58.1,14.0
2165,2010,57.5,13.7
2166,2009,57.0,14.0
2167,2008,56.6,13.9
2168,2007,56.1,13.8
2169,2006,55.7,13.8
2170,2005,55.3,13.7
2171,2004,55.0,13.6
2172,2003,54.7,13.2
2173,2002,54.5,12.8
2174,2001,54.2,12.5
2175,2000,54.0,12.1
2176,2015,21.4,10.8
2177,2014,2.8,10.8
2178,2013,2.1,10.8
2179,2012,19.5,10.5
2180,2011,18.9,10.2
2181,2010,18.3,10.0
2182,2009,17.7,10.2
2183,2008,17.1,10.4
2184,2007,16.5,10.1
2185,2006,15.9,9.3
2186,2005,15.4,8.8
2187,2004,14.9,8.2
2188,2003,14.5,7.6
2189,2002,14.1,7.2
2190,2001,13.7,7.1
2191,2000,13.2,6.6
2192,2015,47.5,13.1
2193,2014,46.7,13.1
2194,2013,45.9,13.1
2195,2012,45.2,13.0
2196,2011,44.5,12.9
2197,2010,43.8,12.8
2198,2009,43.0,12.7
2199,2008,42.2,12.6
2200,2007,41.3,12.8
2201,2006,4.4,12.4
2202,2005,39.6,12.2
2203,2004,39.0,12.3
2204,2003,38.4,12.4
2205,2002,37.9,12.5
2206,2001,37.3,12.6
2207,2000,36.8,12.8
2208,2015,54.1,13.3
2209,2014,53.1,13.3
2210,2013,52.2,13.3
2211,2012,51.2,13.3
2212,2011,5.3,13.3
2213,2010,49.3,13.3
2214,2009,48.4,13.3
2215,2008,47.5,13.3
2216,2007,46.6,13.3
2217,2006,45.7,13.3
2218,2005,44.7,13.3
2219,2004,43.8,13.2
2220,2003,42.9,13.0
2221,2002,42.0,12.9
2222,2001,41.0,12.8
2223,2000,4.1,12.7
2224,2015,74.7,12.9
2225,2014,74.3,12.9
2226,2013,73.8,12.9
2227,2012,73.4,12.9
2228,2011,72.9,12.9
2229,2010,72.5,12.9
2230,2009,72.0,12.9
2231,2008,71.4,12.9
2232,2007,7.9,12.9
2233,2006,7.3,12.7
2234,2005,69.7,12.6
2235,2004,68.9,12.4
2236,2003,68.2,12.3
2237,2002,67.4,12.1
2238,2001,66.5,12.0
2239,2000,65.6,12.1
2240,2015,3.9,11.2
2241,2014,3.1,11.1
2242,2013,29.3,11.0
2243,2012,28.5,10.8
2244,2011,27.7,10.6
2245,2010,26.9,10.6
2246,2009,26.2,10.1
2247,2008,25.4,10.4
2248,2007,24.7,10.3
2249,2006,24.0,10.2
2250,2005,23.4,10.0
2251,2004,22.8,9.8
2252,2003,22.2,9.7
2253,2002,21.7,9.6
2254,2001,21.1,9.4
2255,2000,2.7,9.3
2256,2015,68.2,16.1
2257,2014,67.3,15.8
2258,2013,66.4,15.2
2259,2012,65.6,14.5
2260,2011,64.7,13.9
2261,2010,63.9,13.3
2262,2009,63.1,13.0
2263,2008,62.4,12.8
2264,2007,61.6,12.7
2265,2006,6.9,12.5
2266,2005,6.2,12.4
2267,2004,59.4,12.3
2268,2003,58.5,12.2
2269,2002,57.7,12.1
2270,2001,56.9,12.0
2271,2000,56.2,11.8
2272,2015,24.3,9.5
2273,2014,23.8,9.1
2274,2013,23.2,8.7
2275,2012,22.7,8.3
2276,2011,22.2,7.9
2277,2010,21.7,7.7
2278,2009,21.2,7.5
2279,2008,2.8,7.1
2280,2007,2.3,6.8
2281,2006,19.9,6.6
2282,2005,19.5,6.4
2283,2004,19.1,6.2
2284,2003,18.7,5.9
2285,2002,18.3,5.7
2286,2001,17.9,5.4
2287,2000,17.5,5.2
2288,2015,37.4,14.1
2289,2014,36.2,13.2
2290,2013,35.5,13.5
2291,2012,34.8,13.5
2292,2011,34.2,13.3
2293,2010,33.5,13.2
2294,2009,32.4,13.2
2295,2008,31.8,13.2
2296,2007,31.2,13.1
2297,2006,3.7,13.1
2298,2005,3.1,12.1
2299,2004,29.2,12.3
2300,2003,28.7,12.1
2301,2002,28.1,12.1
2302,2001,27.6,12.2
2303,2000,27.1,12.3
2304,2015,24.4,9.5
2305,2014,23.8,9.5
2306,2013,23.3,9.3
2307,2012,22.7,9.1
2308,2011,22.2,8.9
2309,2010,21.7,8.7
2310,2009,21.2,8.5
2311,2008,2.7,8.3
2312,2007,2.2,8.2
2313,2006,19.7,8.0
2314,2005,19.2,7.8
2315,2004,18.8,7.6
2316,2003,18.4,7.4
2317,2002,17.9,7.2
2318,2001,17.5,7.0
2319,2000,17.2,6.7
2320,2015,33.2,15.4
2321,2014,32.9,15.4
2322,2013,32.7,15.4
2323,2012,32.4,15.4
2324,2011,32.1,15.2
2325,2010,31.8,14.5
2326,2009,31.5,14.4
2327,2008,31.2,14.2
2328,2007,3.9,14.1
2329,2006,3.5,13.9
2330,2005,3.2,12.6
2331,2004,29.9,12.7
2332,2003,29.6,12.7
2333,2002,29.2,12.6
2334,2001,28.9,12.7
2335,2000,28.5,12.5
2336,2015,59.1,15.0
2337,2014,58.4,15.1
2338,2013,57.8,15.0
2339,2012,57.2,15.0
2340,2011,56.5,15.0
2341,2010,55.9,15.0
2342,2009,55.3,14.9
2343,2008,54.8,14.8
2344,2007,54.2,14.5
2345,2006,53.7,14.3
2346,2005,53.1,14.0
2347,2004,52.6,13.8
2348,2003,52.1,13.6
2349,2002,51.6,13.3
2350,2001,51.1,13.3
2351,2000,5.7,13.0
2352,2015,6.1,17.3
2353,2014,59.5,17.6
2354,2013,58.9,16.8
2355,2012,58.2,16.8
2356,2011,57.6,17.0
2357,2010,57.0,16.9
2358,2009,56.4,16.9
2359,2008,55.8,16.9
2360,2007,55.2,16.8
2361,2006,54.7,16.7
2362,2005,54.1,16.3
2363,2004,53.5,16.6
2364,2003,52.9,16.1
2365,2002,52.3,15.6
2366,2001,51.8,14.7
2367,2000,51.2,14.6
2368,2015,5.5,9.6
2369,2014,49.7,9.6
2370,2013,48.9,9.5
2371,2012,48.1,9.4
2372,2011,47.2,9.4
2373,2010,46.4,9.3
2374,2009,45.5,9.3
2375,2008,44.7,9.2
2376,2007,43.8,9.0
2377,2006,43.0,8.4
2378,2005,42.1,8.3
2379,2004,41.3,8.1
2380,2003,4.4,8.0
2381,2002,39.6,7.3
2382,2001,38.7,6.6
2383,2000,37.9,7.2
2384,2015,24.3,
2385,2014,23.8,
2386,2013,23.3,
2387,2012,22.9,
2388,2011,22.4,
2389,2010,22.0,
2390,2009,21.5,
2391,2008,21.1,
2392,2007,2.7,
2393,2006,2.2,
2394,2005,19.8,
2395,2004,19.4,
2396,2003,19.0,
2397,2002,18.6,
2398,2001,18.2,
2399,2000,17.8,
2400,2015,51.1,13.0
2401,2014,5.3,13.0
2402,2013,49.5,12.8
2403,2012,48.7,12.8
2404,2011,47.9,12.8
2405,2010,47.2,12.8
2406,2009,46.4,12.8
2407,2008,45.7,12.9
2408,2007,45.0,12.9
2409,2006,44.3,12.9
2410,2005,43.6,12.9
2411,2004,42.9,12.9
2412,2003,42.2,12.9
2413,2002,41.6,12.9
2414,2001,4.9,13.0
2415,2000,4.1,13.0
2416,2015,31.7,
2417,2014,31.2,
2418,2013,3.8,
2419,2012,3.4,
2420,2011,3.0,
2421,2010,29.5,
2422,2009,29.1,
2423,2008,28.6,
2424,2007,28.2,
2425,2006,27.7,
2426,2005,27.2,
2427,2004,26.7,
2428,2003,26.2,
2429,2002,25.7,
2430,2001,25.2,
2431,2000,24.7,
2432,2015,,4.9
2433,2014,,4.9
2434,2013,,4.9
2435,2012,,4.9
2436,2011,,4.9
2437,2010,,0.0
2438,2009,,0.0
2439,2008,,0.0
2440,2007,,0.0
2441,2006,,0.0
2442,2005,,0.0
2443,2004,,0.0
2444,2003,,0.0
2445,2002,,0.0
2446,2001,,0.0
2447,2000,,0.0
2448,2015,66.6,17.7
2449,2014,66.0,17.6
2450,2013,65.4,17.5
2451,2012,64.8,17.2
2452,2011,64.1,16.9
2453,2010,63.5,16.4
2454,2009,62.9,16.3
2455,2008,62.3,16.1
2456,2007,61.7,16.0
2457,2006,61.1,15.9
2458,2005,6.5,15.8
2459,2004,59.9,15.6
2460,2003,59.3,15.6
2461,2002,58.8,15.7
2462,2001,58.2,15.7
2463,2000,57.6,15.7
2464,2015,23.4,14.0
2465,2014,22.7,14.0
2466,2013,21.9,13.8
2467,2012,21.2,13.7
2468,2011,2.5,13.6
2469,2010,19.8,13.5
2470,2009,19.2,13.4
2471,2008,18.5,13.3
2472,2007,17.9,13.2
2473,2006,17.2,13.1
2474,2005,16.6,12.9
2475,2004,16.1,12.8
2476,2003,15.6,12.7
2477,2002,15.1,12.6
2478,2001,14.6,12.5
2479,2000,14.1,12.4
2480,2015,,7.2
2481,2014,,7.2
2482,2013,,7.0
2483,2012,,6.8
2484,2011,,7.0
2485,2010,,7.0
2486,2009,,6.8
2487,2008,,6.3
2488,2007,,6.4
2489,2006,,6.2
2490,2005,,6.1
2491,2004,,5.7
2492,2003,,5.6
2493,2002,,5.6
2494,2001,,5.6
2495,2000,,5.5
2496,2015,58.3,12.7
2497,2014,57.7,12.7
2498,2013,57.0,12.7
2499,2012,56.3,12.7
2500,2011,55.5,12.5
2501,2010,54.8,12.3
2502,2009,54.1,12.1
2503,2008,53.3,11.9
2504,2007,52.6,11.7
2505,2006,51.8,11.5
2506,2005,51.1,11.3
2507,2004,5.4,11.1
2508,2003,49.7,10.9
2509,2002,49.0,11.0
2510,2001,48.3,11.0
2511,2000,47.6,11.1
2512,2015,59.5,15.9
2513,2014,59.0,15.8
2514,2013,58.5,15.8
2515,2012,58.1,15.8
2516,2011,57.7,16.0
2517,2010,57.3,15.8
2518,2009,56.9,15.8
2519,2008,56.5,15.7
2520,2007,56.1,15.8
2521,2006,55.7,15.9
2522,2005,55.3,16.0
2523,2004,54.9,16.0
2524,2003,54.4,15.9
2525,2002,53.9,15.9
2526,2001,53.4,15.9
2527,2000,52.8,15.9
2528,2015,57.4,16.0
2529,2014,57.0,15.9
2530,2013,56.6,15.8
2531,2012,56.2,15.7
2532,2011,55.8,15.6
2533,2010,55.4,15.4
2534,2009,55.0,15.3
2535,2008,54.6,15.3
2536,2007,54.1,15.3
2537,2006,53.7,15.2
2538,2005,53.2,15.2
2539,2004,52.8,15.1
2540,2003,52.3,15.0
2541,2002,51.8,15.2
2542,2001,51.3,15.2
2543,2000,5.8,15.1
2544,2015,57.1,9.0
2545,2014,56.2,9.0
2546,2013,55.2,13.0
2547,2012,54.2,12.5
2548,2011,53.2,12.0
2549,2010,52.3,11.7
2550,2009,51.3,11.8
2551,2008,5.4,11.6
2552,2007,49.4,11.5
2553,2006,48.5,11.4
2554,2005,47.6,11.0
2555,2004,46.8,10.6
2556,2003,46.0,10.3
2557,2002,45.3,10.2
2558,2001,44.6,10.1
2559,2000,43.9,10.0
2560,2015,4.7,11.3
2561,2014,39.9,11.3
2562,2013,39.0,11.2
2563,2012,38.2,11.1
2564,2011,37.4,11.1
2565,2010,36.6,11.1
2566,2009,35.9,11.1
2567,2008,35.3,10.8
2568,2007,34.7,10.9
2569,2006,34.1,10.7
2570,2005,33.5,10.6
2571,2004,33.0,10.5
2572,2003,32.5,10.1
2573,2002,32.1,9.8
2574,2001,31.6,9.7
2575,2000,31.3,9.6
2576,2015,33.6,13.6
2577,2014,32.4,13.6
2578,2013,31.3,13.6
2579,2012,3.1,13.7
2580,2011,29.0,13.3
2581,2010,27.9,13.1
2582,2009,26.8,13.0
2583,2008,25.7,12.9
2584,2007,24.6,12.3
2585,2006,23.6,12.4
2586,2005,22.6,12.0
2587,2004,21.7,11.9
2588,2003,2.9,11.8
2589,2002,2.2,11.5
2590,2001,19.4,11.2
2591,2000,18.7,10.9
2592,2015,64.5,12.6
2593,2014,63.8,12.6
2594,2013,63.2,12.6
2595,2012,62.6,12.6
2596,2011,62.0,12.6
2597,2010,61.3,12.6
2598,2009,6.7,12.6
2599,2008,6.1,12.6
2600,2007,59.4,12.5
2601,2006,58.7,12.4
2602,2005,58.1,12.4
2603,2004,57.4,12.3
2604,2003,56.7,12.2
2605,2002,56.0,12.1
2606,2001,55.2,12.1
2607,2000,54.4,12.0
2608,2015,24.3,12.0
2609,2014,23.7,12.0
2610,2013,23.1,12.0
2611,2012,22.6,12.0
2612,2011,22.0,11.5
2613,2010,21.4,11.0
2614,2009,2.9,10.6
2615,2008,2.4,10.1
2616,2007,19.8,10.6
2617,2006,19.3,10.2
2618,2005,18.9,10.1
2619,2004,18.4,10.0
2620,2003,17.9,9.9
2621,2002,17.5,9.7
2622,2001,17.1,9.4
2623,2000,16.6,9.3
2624,2015,75.2,14.3
2625,2014,74.8,14.3
2626,2013,74.3,14.3
2627,2012,73.8,14.4
2628,2011,73.3,14.4
2629,2010,72.7,14.4
2630,2009,72.1,14.5
2631,2008,71.5,14.5
2632,2007,7.8,14.5
2633,2006,7.1,14.6
2634,2005,69.4,14.6
2635,2004,68.6,14.6
2636,2003,67.8,13.7
2637,2002,67.0,13.5
2638,2001,66.2,13.2
2639,2000,65.5,13.7
2640,2015,47.1,12.7
2641,2014,46.0,12.7
2642,2013,45.0,12.7
2643,2012,44.0,12.6
2644,2011,43.0,12.6
2645,2010,42.0,12.5
2646,2009,41.1,12.5
2647,2008,4.2,12.4
2648,2007,39.3,12.4
2649,2006,38.4,12.3
2650,2005,37.6,12.3
2651,2004,36.8,12.2
2652,2003,36.0,12.0
2653,2002,35.2,11.9
2654,2001,34.4,11.8
2655,2000,33.6,11.7
2656,2015,61.2,14.6
2657,2014,6.2,14.7
2658,2013,59.3,14.7
2659,2012,58.3,14.6
2660,2011,57.4,14.5
2661,2010,56.5,14.4
2662,2009,55.6,14.4
2663,2008,54.7,14.3
2664,2007,53.9,14.3
2665,2006,53.1,14.2
2666,2005,52.2,13.9
2667,2004,51.4,13.6
2668,2003,5.6,13.5
2669,2002,49.7,13.3
2670,2001,48.9,13.1
2671,2000,48.1,12.8
2672,2015,66.1,14.5
2673,2014,65.3,14.5
2674,2013,64.5,14.4
2675,2012,63.7,14.3
2676,2011,62.8,13.8
2677,2010,61.9,13.0
2678,2009,61.1,12.5
2679,2008,6.2,12.5
2680,2007,59.3,12.3
2681,2006,58.5,11.9
2682,2005,57.6,11.9
2683,2004,56.8,12.0
2684,2003,55.9,11.9
2685,2002,55.1,11.5
2686,2001,54.3,11.1
2687,2000,53.5,10.7
2688,2015,48.6,10.8
2689,2014,47.7,10.8
2690,2013,46.7,10.7
2691,2012,45.9,10.7
2692,2011,45.0,10.6
2693,2010,44.2,10.6
2694,2009,43.4,10.5
2695,2008,42.7,10.5
2696,2007,42.0,10.4
2697,2006,41.3,10.4
2698,2005,4.7,10.3
2699,2004,4.0,10.3
2700,2003,39.4,10.3
2701,2002,38.7,10.2
2702,2001,38.1,10.2
2703,2000,37.5,0.0
2704,2015,18.5,10.0
2705,2014,18.1,10.0
2706,2013,17.6,10.0
2707,2012,17.2,10.0
2708,2011,16.7,10.7
2709,2010,16.3,10.9
2710,2009,15.9,10.8
2711,2008,15.6,10.6
2712,2007,15.2,10.3
2713,2006,14.8,10.6
2714,2005,14.5,10.9
2715,2004,14.2,11.6
2716,2003,13.9,11.5
2717,2002,13.6,11.0
2718,2001,13.3,10.8
2719,2000,13.0,9.8
2720,2015,61.3,15.3
2721,2014,6.7,15.2
2722,2013,6.1,15.2
2723,2012,59.6,15.1
2724,2011,59.0,14.9
2725,2010,58.5,14.9
2726,2009,58.0,14.9
2727,2008,57.6,14.9
2728,2007,57.2,14.8
2729,2006,56.8,14.7
2730,2005,56.4,14.5
2731,2004,56.1,14.6
2732,2003,55.7,14.3
2733,2002,55.4,13.9
2734,2001,55.1,13.2
2735,2000,54.8,13.3
2736,2015,64.2,13.3
2737,2014,62.4,13.3
2738,2013,6.5,13.3
2739,2012,58.6,13.3
2740,2011,57.1,13.3
2741,2010,55.8,13.3
2742,2009,55.1,13.2
2743,2008,54.8,13.1
2744,2007,55.1,12.9
2745,2006,55.8,12.8
2746,2005,56.6,12.6
2747,2004,57.0,12.4
2748,2003,56.8,12.3
2749,2002,56.0,12.1
2750,2001,55.0,12.0
2751,2000,54.1,11.8
2752,2015,66.6,
2753,2014,66.0,
2754,2013,65.4,
2755,2012,64.8,
2756,2011,64.2,
2757,2010,63.6,
2758,2009,63.1,
2759,2008,62.5,
2760,2007,61.9,
2761,2006,61.3,
2762,2005,6.7,
2763,2004,6.1,
2764,2003,59.5,
2765,2002,58.8,
2766,2001,58.2,
2767,2000,57.5,
2768,2015,23.8,
2769,2014,23.2,
2770,2013,22.5,
2771,2012,21.9,
2772,2011,21.3,
2773,2010,2.7,
2774,2009,2.2,
2775,2008,19.6,
2776,2007,19.1,
2777,2006,18.6,
2778,2005,18.1,
2779,2004,17.7,
2780,2003,17.2,
2781,2002,16.8,
2782,2001,16.4,
2783,2000,16.0,
2784,2015,69.6,
2785,2014,69.1,
2786,2013,68.6,
2787,2012,68.0,
2788,2011,67.5,
2789,2010,66.9,
2790,2009,66.3,
2791,2008,65.7,
2792,2007,65.1,
2793,2006,64.4,
2794,2005,63.8,
2795,2004,63.1,
2796,2003,62.4,
2797,2002,61.7,
2798,2001,6.9,
2799,2000,6.1,
2800,2015,64.0,15.5
2801,2014,63.4,15.5
2802,2013,62.9,15.5
2803,2012,62.3,15.5
2804,2011,61.8,15.5
2805,2010,61.2,15.6
2806,2009,6.7,15.5
2807,2008,6.1,15.7
2808,2007,59.5,15.3
2809,2006,58.9,15.2
2810,2005,58.3,15.5
2811,2004,57.7,15.5
2812,2003,57.0,15.0
2813,2002,56.3,14.7
2814,2001,55.7,14.2
2815,2000,55.0,14.0
2816,2015,44.7,12.1
2817,2014,43.9,12.1
2818,2013,43.0,12.0
2819,2012,42.2,12.0
2820,2011,41.4,12.0
2821,2010,4.7,11.9
2822,2009,4.0,11.8
2823,2008,39.3,11.9
2824,2007,38.7,11.8
2825,2006,38.1,11.8
2826,2005,37.5,11.7
2827,2004,37.0,11.6
2828,2003,36.4,11.3
2829,2002,35.9,11.0
2830,2001,35.3,10.7
2831,2000,34.8,10.6
2832,2015,53.3,10.8
2833,2014,52.5,10.8
2834,2013,51.7,10.8
2835,2012,5.8,10.8
2836,2011,49.9,10.8
2837,2010,49.1,10.8
2838,2009,48.2,10.7
2839,2008,47.4,10.7
2840,2007,46.6,10.7
2841,2006,45.7,10.6
2842,2005,44.9,10.6
2843,2004,44.1,10.7
2844,2003,43.3,10.4
2845,2002,42.6,10.2
2846,2001,41.9,10.1
2847,2000,41.1,9.6
2848,2015,62.1,14.3
2849,2014,61.5,14.2
2850,2013,61.0,14.2
2851,2012,6.4,14.1
2852,2011,59.9,14.1
2853,2010,59.3,14.0
2854,2009,58.8,14.0
2855,2008,58.2,13.4
2856,2007,57.6,12.9
2857,2006,57.1,12.4
2858,2005,56.5,11.8
2859,2004,55.9,11.6
2860,2003,55.3,11.6
2861,2002,54.7,11.0
2862,2001,54.1,10.4
2863,2000,53.4,10.6
2864,2015,17.5,12.6
2865,2014,16.7,12.5
2866,2013,16.0,12.3
2867,2012,15.3,12.2
2868,2011,14.7,12.0
2869,2010,14.0,11.9
2870,2009,13.4,11.7
2871,2008,12.9,11.6
2872,2007,12.3,11.4
2873,2006,11.8,11.3
2874,2005,11.3,11.1
2875,2004,1.9,11.0
2876,2003,1.4,10.9
2877,2002,1.0,10.7
2878,2001,9.6,10.6
2879,2000,9.2,10.4
2880,2015,41.3,9.0
2881,2014,4.4,9.0
2882,2013,39.6,9.0
2883,2012,38.7,9.0
2884,2011,37.9,8.6
2885,2010,37.2,8.5
2886,2009,36.4,8.4
2887,2008,35.7,8.5
2888,2007,35.1,8.6
2889,2006,34.5,8.7
2890,2005,33.9,8.6
2891,2004,33.3,8.4
2892,2003,32.7,8.2
2893,2002,32.2,8.0
2894,2001,31.7,7.9
2895,2000,31.2,7.7
2896,2015,23.4,12.5
2897,2014,22.8,12.5
2898,2013,22.3,12.5
2899,2012,21.7,12.3
2900,2011,21.2,12.0
2901,2010,2.7,11.8
2902,2009,2.2,11.6
2903,2008,19.7,11.4
2904,2007,19.2,11.1
2905,2006,18.8,10.9
2906,2005,18.4,10.7
2907,2004,18.0,10.5
2908,2003,17.6,10.2
2909,2002,17.3,10.0
2910,2001,17.1,9.8
2911,2000,16.8,9.6
2912,2015,31.8,10.3
2913,2014,31.3,10.3
2914,2013,3.8,10.4
2915,2012,3.3,9.8
2916,2011,29.9,10.1
2917,2010,29.4,10.0
2918,2009,29.0,9.9
2919,2008,28.6,9.7
2920,2007,28.2,9.6
2921,2006,27.9,9.5
2922,2005,27.5,9.3
2923,2004,27.1,9.2
2924,2003,26.7,9.5
2925,2002,26.3,10.0
2926,2001,25.9,9.8
2927,2000,25.5,9.8
